-- MySQL dump 10.13  Distrib 8.0.23, for Win64 (x86_64)
--
-- Host: localhost    Database: vk1
-- ------------------------------------------------------
-- Server version	8.0.23

/*!40101 SET @OLD_CHARACTER_SET_CLIENT=@@CHARACTER_SET_CLIENT */;
/*!40101 SET @OLD_CHARACTER_SET_RESULTS=@@CHARACTER_SET_RESULTS */;
/*!40101 SET @OLD_COLLATION_CONNECTION=@@COLLATION_CONNECTION */;
/*!50503 SET NAMES utf8mb4 */;
/*!40103 SET @OLD_TIME_ZONE=@@TIME_ZONE */;
/*!40103 SET TIME_ZONE='+00:00' */;
/*!40014 SET @OLD_UNIQUE_CHECKS=@@UNIQUE_CHECKS, UNIQUE_CHECKS=0 */;
/*!40014 SET @OLD_FOREIGN_KEY_CHECKS=@@FOREIGN_KEY_CHECKS, FOREIGN_KEY_CHECKS=0 */;
/*!40101 SET @OLD_SQL_MODE=@@SQL_MODE, SQL_MODE='NO_AUTO_VALUE_ON_ZERO' */;
/*!40111 SET @OLD_SQL_NOTES=@@SQL_NOTES, SQL_NOTES=0 */;

--
-- Table structure for table `communities`
--

DROP TABLE IF EXISTS `communities`;
/*!40101 SET @saved_cs_client     = @@character_set_client */;
/*!50503 SET character_set_client = utf8mb4 */;
CREATE TABLE `communities` (
  `id` bigint unsigned NOT NULL AUTO_INCREMENT,
  `name` varchar(145) CHARACTER SET utf8mb4 COLLATE utf8mb4_unicode_ci NOT NULL,
  `description` varchar(245) CHARACTER SET utf8mb4 COLLATE utf8mb4_unicode_ci DEFAULT NULL,
  `admin_id` bigint unsigned NOT NULL,
  PRIMARY KEY (`id`),
  KEY `fk_communities_users_admin_idx` (`admin_id`),
  CONSTRAINT `fk_communities_users` FOREIGN KEY (`admin_id`) REFERENCES `users` (`id`)
) ENGINE=InnoDB AUTO_INCREMENT=101 DEFAULT CHARSET=utf8mb4 COLLATE=utf8mb4_unicode_ci;
/*!40101 SET character_set_client = @saved_cs_client */;

--
-- Dumping data for table `communities`
--

LOCK TABLES `communities` WRITE;
/*!40000 ALTER TABLE `communities` DISABLE KEYS */;
INSERT INTO `communities` VALUES (1,'quae','Nihil consequatur tenetur aut maiores autem saepe. Odio aut quidem labore eum voluptatibus nobis odit. Esse qui aut quos iusto quas.',1),(2,'quidem','Laudantium porro ducimus perferendis mollitia cumque repellendus temporibus. Tenetur molestiae cum dignissimos numquam. Impedit aliquam cum error eos sed et dolorum qui. Delectus sit dolores soluta error omnis et corrupti.',2),(3,'quod','Magni rem quis dicta recusandae exercitationem quasi sint beatae. Autem totam amet facilis occaecati dolor et. Illum iste quidem odit ut aliquid natus.',3),(4,'qui','Occaecati repudiandae ea facere non et. Harum rem corrupti eveniet voluptatem eveniet odio. Non repellat eligendi ab earum deleniti ut est quis. Unde consequuntur ipsam voluptatem repudiandae est error.',4),(5,'reprehenderit','Et consequatur dolor non neque neque sint mollitia. Culpa recusandae neque quis qui. Laborum molestias quia autem ducimus inventore et.',5),(6,'et','Perspiciatis occaecati ut omnis ea nam inventore. Veniam quod dolor assumenda repellat possimus in sequi. Exercitationem omnis quia fugit nam doloremque ipsam quasi. Quisquam et consequatur consequuntur maxime.',6),(7,'eos','Non est fugit repellat nobis dolor magni. Mollitia aut nemo repellendus vitae dolores rerum enim. Nostrum eum et qui inventore sit libero. Delectus hic voluptatem ipsam molestiae quaerat.',7),(8,'sit','Recusandae facilis itaque est quasi velit soluta molestias. Officiis et ea nihil porro maiores. Et ipsam ducimus dolores.',8),(9,'et','Autem ut cum dolor eaque dolorem aspernatur dolore. Quidem sequi fuga iste qui officia quibusdam. Deserunt fugit ab ipsa commodi quis inventore.',9),(10,'et','Commodi quae ducimus repudiandae illum explicabo adipisci adipisci facilis. Necessitatibus et at inventore quia tempore eos iure. Mollitia est necessitatibus consequatur natus non molestiae at fugit.',10),(11,'voluptas','Ut dicta dolore doloremque est occaecati alias. Debitis est voluptatibus tempore voluptatum nam ducimus est.',11),(12,'quo','Officia velit eos dolorem sed magnam. Reprehenderit dignissimos quia sunt et. Corporis quaerat unde ut laborum sit qui. Est aut modi repellat repellat. Quo tempora cum odio est et.',12),(13,'alias','Beatae nostrum dolor accusamus sed aut illo sint. Laudantium quis earum iusto nihil. Recusandae aperiam et voluptatem nam sed.',13),(14,'ullam','Laboriosam praesentium enim sit ipsa. Ducimus sit dolorem est nobis at. Sed impedit omnis esse et. Unde molestias eum qui molestias quod est.',14),(15,'enim','Optio non ad ab quia corporis. Quidem et aut similique repudiandae non deserunt. Voluptatem qui recusandae voluptatem minus omnis inventore quos enim.',15),(16,'numquam','Deserunt est et rerum ullam saepe esse dolorem. Ipsum fuga repellat expedita expedita tempore hic. Maiores totam cum omnis aut quia.',16),(17,'et','Fugiat tempore deleniti eum nam eius qui. Et deserunt sunt numquam perferendis rem autem id velit. Velit perferendis qui nobis. Aspernatur repellendus alias sit.',17),(18,'et','Consequatur suscipit ad quas illum. Beatae sunt laudantium tempore dolores. Ipsam voluptatem nesciunt velit ipsum. Itaque aperiam non ullam.',18),(19,'ad','Facilis aut accusantium velit omnis. Odit aperiam qui veritatis. Ea sint ut tempora saepe tempora ea. Adipisci magni ut tenetur sunt a.',19),(20,'rem','Ut accusantium sit sunt repellendus tempore deserunt. Cumque aut harum expedita voluptatem hic ad. Eum hic ut et natus sequi impedit est. Veritatis sint reiciendis autem aut.',20),(21,'id','Eos aut quod voluptas eos natus non veniam reiciendis. Aspernatur consequatur reiciendis et laudantium sit non et unde. Saepe at consectetur assumenda alias saepe non libero exercitationem. Et rem eos vel dolores amet quisquam.',21),(22,'placeat','Aperiam reprehenderit est a aut eius ea nam. Odit nisi cum minima sit quos.',22),(23,'quis','Ab est mollitia voluptates et eos. Sed ipsa id atque. Quae nam assumenda vel earum.',23),(24,'odit','Saepe itaque tempora exercitationem. Ut exercitationem rerum harum qui amet velit. Voluptatum impedit commodi voluptatem occaecati aperiam molestias saepe. Consequuntur in qui incidunt.',24),(25,'est','Qui amet incidunt qui labore aut expedita. Atque enim mollitia amet qui accusantium. Quis autem mollitia totam ipsam earum.',25),(26,'saepe','Doloribus non aut adipisci. Dolor quia quibusdam inventore optio. Neque autem et beatae sit possimus commodi et suscipit. Asperiores minus et est mollitia porro.',26),(27,'quam','Autem deleniti id eum rerum. Amet voluptas impedit magni sint. Non qui consectetur ut officia consequatur quia. Eum unde nihil placeat et delectus placeat.',27),(28,'reprehenderit','Aliquam alias libero quo eos. Doloremque laborum quibusdam ipsam odio aut non qui. Sit cupiditate commodi officiis dolorem libero magnam.',28),(29,'laboriosam','Vitae suscipit veritatis in nihil blanditiis magnam animi. Tempore numquam nesciunt ut voluptatem praesentium veritatis consequatur. Neque fuga velit autem est. Odio neque molestias vitae et quo.',29),(30,'excepturi','Sequi natus doloribus vel sit eos consequatur consequuntur quia. Magnam accusamus beatae magni non impedit animi. Maiores qui alias possimus sed sint.',30),(31,'repellat','Eius autem ut cumque. Nemo eos eum ea magni nihil et in distinctio. Id et consectetur saepe est dignissimos repellat vel.',31),(32,'consectetur','Pariatur consequatur et consequatur optio veniam sit. Voluptatem et nesciunt sit nihil aliquam quia. Expedita eos soluta officiis sint doloribus. Omnis sint optio sapiente porro.',32),(33,'sit','Alias maiores voluptatem officiis ipsam numquam distinctio. Magni ut beatae expedita dolores. Eum officia voluptas incidunt. Ipsam ad aut et eaque ut.',33),(34,'quo','Minus sed qui ipsa quia commodi eos voluptas. Laboriosam odio quasi ut provident. Libero facere quis rem autem nostrum. Vel exercitationem qui similique enim molestiae animi.',34),(35,'similique','Mollitia adipisci voluptatum ratione quisquam hic. Rerum quaerat sit magnam et dolor. Ullam consequatur nisi sequi. Et quasi et illo voluptatem ex consequatur quam.',35),(36,'ratione','Quo nobis omnis est inventore non. Occaecati quis officia quibusdam nisi aut libero dignissimos ea. Non excepturi sapiente enim molestiae in vitae dolore. Iusto voluptate minus ut totam.',36),(37,'fugit','Aperiam necessitatibus porro error itaque sapiente tenetur qui. Beatae iste dolor ab sed doloremque ut et omnis. Doloribus veritatis aut qui quia quia facere saepe occaecati.',37),(38,'et','Blanditiis aliquam incidunt soluta voluptatem ad. Numquam vel ipsa laborum ut recusandae amet sunt. Id ea tempora nostrum necessitatibus omnis odit.',38),(39,'et','Molestias totam et veritatis esse odit id autem. Earum quidem et repellat eum. Id officia error laudantium id voluptatem quia.',39),(40,'autem','Ullam quod saepe ut autem perferendis nesciunt aut. Ab doloribus eum hic dolorem. Aut labore consectetur quia quae eaque cum sapiente ea. Molestiae eum qui et.',40),(41,'assumenda','Blanditiis corporis dolore nisi. Vero quas repudiandae aut iste.',41),(42,'qui','Corrupti quae et distinctio consequatur aliquam deleniti facilis. Sint rerum quod blanditiis omnis. Nostrum voluptas voluptatem voluptatum ad sit quisquam.',42),(43,'velit','Et ea rerum vel quae nihil ea maxime. Omnis ipsum at hic fugit unde adipisci explicabo omnis. Eius laborum in nihil facilis. Rerum repellat inventore aperiam molestiae.',43),(44,'et','Assumenda omnis sint cum id laborum. Incidunt qui et et odit.',44),(45,'qui','Expedita voluptatem voluptatum sint necessitatibus soluta pariatur voluptas. Molestiae voluptate repellat alias nemo incidunt. Maiores expedita similique qui provident error sit dolorem.',45),(46,'expedita','Facilis sed deleniti consequatur aliquam veritatis doloribus harum. Maxime incidunt voluptatibus quisquam ut soluta et quibusdam. Repellendus id voluptatum quo earum et ut ipsam tempora.',46),(47,'enim','Accusamus est incidunt mollitia exercitationem. Sint dicta deserunt eos voluptatem consequatur. Impedit sed neque velit assumenda sint dolorem laboriosam. Consequatur in rerum reiciendis mollitia laudantium incidunt.',47),(48,'pariatur','Unde laborum nihil laboriosam in sit et. Dolore nemo qui exercitationem porro consequatur velit ab. Eum odit expedita aut. Earum accusamus quis voluptas voluptatibus. Sed accusamus rerum vel molestiae.',48),(49,'libero','Molestiae excepturi nihil quia animi accusamus cupiditate dolor et. Optio corrupti suscipit corrupti inventore id occaecati. Culpa officia illo odit nisi sint dolorum ipsum. Omnis distinctio aspernatur nisi nemo iure. Doloribus dolor et qui.',49),(50,'magni','Illum vero in magni optio non id suscipit. Reprehenderit distinctio voluptas tempora aut consequatur. Eos dolor nesciunt quo aspernatur ad. Ab debitis voluptatibus iure earum.',50),(51,'illum','Cumque fuga quo sit aspernatur ipsum minima. Vitae eum qui repellat voluptatem. Voluptatem illo et nisi est est rerum est omnis. Quibusdam tenetur ut illum et possimus est modi.',51),(52,'aut','Voluptates commodi sint sint soluta. Vel aspernatur autem iusto voluptatibus. Ea aut aut numquam eius reprehenderit. Quibusdam et et et dignissimos.',52),(53,'vero','Ipsum eveniet non nam voluptatem est quidem. Dolor deserunt doloremque enim veniam quia. Incidunt est et iure atque labore nulla consequatur.',53),(54,'ipsa','Rerum eligendi cupiditate quibusdam. Non voluptas illum autem sunt in sit qui. Quasi corporis asperiores odio ut enim et voluptatum. Suscipit consequatur velit natus quia itaque ratione asperiores.',54),(55,'officiis','Cumque quasi omnis dignissimos. Consequatur repellat sint saepe est officia sed. Earum nisi odio voluptatem consequatur labore nam. Tenetur blanditiis cupiditate sed voluptatem beatae repellendus ipsam incidunt. Voluptatem et voluptates qui assu',55),(56,'itaque','Deleniti id expedita voluptas itaque suscipit magni cumque. Vel ducimus iusto aut provident sequi. Doloremque dolores ut velit eum et aliquam maxime. Neque aut impedit et natus architecto dolor quas sit.',56),(57,'explicabo','Sed rem omnis ut et. Aperiam consequuntur totam quia. Eos harum libero ut sunt earum vitae.',57),(58,'voluptatibus','Fugit qui quo et cupiditate. Ipsa deserunt delectus at consequatur aspernatur quod. Voluptatem nesciunt et distinctio magnam sapiente amet.',58),(59,'voluptatem','Dolor non minus voluptates ipsum non. Deleniti sint expedita dolores rerum vel rerum quas. Rerum sapiente cupiditate accusamus dolore soluta consequatur non. Rerum optio et nihil occaecati ea assumenda.',59),(60,'itaque','Nihil illo aut nesciunt asperiores porro nostrum. Ratione ex labore ipsam sed. Laboriosam non exercitationem sequi doloremque natus.',60),(61,'aut','Autem non vel suscipit aut amet. Occaecati alias eos enim dolorem dolorum nihil expedita. Qui et ut quis ut aliquam harum sed quae. Ipsa rerum laborum alias ipsa nulla autem aut aut.',61),(62,'debitis','Delectus rem sunt omnis magni fuga. Ut saepe rerum eaque qui autem necessitatibus fugiat voluptas. Aperiam odit enim aliquam.',62),(63,'perferendis','Et incidunt maxime aut eaque suscipit. Consequatur tenetur accusamus accusantium expedita aut numquam. Ut enim voluptas qui ex.',63),(64,'dolor','Cupiditate perspiciatis delectus mollitia blanditiis aut vel. Blanditiis natus et asperiores ut quos assumenda. Dicta ipsa minus qui natus et qui.',64),(65,'suscipit','Voluptas vero rem ducimus maxime rerum magnam. Consequatur consequatur optio nesciunt saepe ut reiciendis. Totam quod nesciunt qui. Nihil eaque voluptas voluptas sint. Aut quo sed inventore necessitatibus illo reiciendis id ut.',65),(66,'rerum','Repellat vel iusto enim sint perspiciatis pariatur nihil. Recusandae repellat et praesentium vel voluptas. Ut animi ipsam facere temporibus illo id corporis ut. Unde et perspiciatis veritatis maiores distinctio aspernatur.',66),(67,'deleniti','Libero voluptatem illum corporis sit. Architecto reiciendis omnis et beatae modi quos quia ut. Pariatur reiciendis aspernatur ab voluptatibus non.',67),(68,'eius','Dolores aut est autem. Mollitia quo molestias alias voluptas totam. Voluptas sunt est soluta et sequi. Dolorem corrupti provident qui voluptas sapiente.',68),(69,'voluptatem','Autem voluptatum magnam sed cum esse numquam assumenda ut. Hic qui quia quia nemo. Aperiam accusantium impedit similique repellendus cum modi.',69),(70,'odit','Autem eveniet facere consectetur ut mollitia consequatur. Quia accusantium velit incidunt pariatur tempore. Blanditiis accusamus dolor quia. Consectetur suscipit et earum dicta harum.',70),(71,'aut','Dolorem voluptas reprehenderit voluptatem nobis magnam quam. Non voluptatem autem ex. Et repellendus dolor ut quisquam vitae distinctio harum. Consequatur qui deleniti labore facere deleniti voluptas. Aliquid dolorem corrupti earum.',71),(72,'atque','Deserunt quibusdam error eius culpa perferendis corrupti. Et unde voluptate magni temporibus rerum et quia. Dolor quod et laudantium voluptatem non quos velit. Cumque et sed cumque quod consequatur accusantium.',72),(73,'ab','Incidunt temporibus ut odio dolorem culpa rerum temporibus. Culpa ab facere animi. Sint natus ipsum nam est sed. Rerum voluptatem dicta saepe aut suscipit est ut fugiat.',73),(74,'eius','Cum necessitatibus sequi vel et ea. Veniam cupiditate asperiores est ut nihil. Unde dignissimos sit et qui et dolorem est.',74),(75,'commodi','Rerum quia quod eos dolor. Commodi quis ut maiores neque laudantium qui qui. Est tempora voluptatibus voluptates consequuntur.',75),(76,'modi','Quo et beatae est neque atque. Repellat quo modi non qui rerum mollitia. Incidunt aliquid cupiditate quibusdam debitis. Et odit corrupti rerum.',76),(77,'aut','Dolor corrupti atque et accusantium animi nihil ut. Ad non rem quisquam. Qui possimus id eos.',77),(78,'perspiciatis','Culpa earum fuga dicta nesciunt eos. Ab qui sed consequatur debitis accusamus corporis. Molestias eos assumenda facilis quidem dolor expedita tempore. Et velit dolorem porro ab.',78),(79,'exercitationem','Enim iusto sunt est rem molestiae. Magnam suscipit animi fuga sit minus id unde odit. At molestiae accusantium in explicabo. Tempora quasi ab possimus tempore sequi.',79),(80,'praesentium','Beatae est omnis impedit quis perferendis rerum. Provident qui autem perspiciatis corporis sed et. Vero dolor sit incidunt rerum minima autem quia.',80),(81,'quo','Molestiae vero ut at mollitia iusto quia. Eum ea aut eligendi facere. Saepe suscipit excepturi ut autem id.',81),(82,'laboriosam','Aspernatur aut mollitia animi reiciendis. Excepturi numquam quo neque aut ab aut. Consectetur atque commodi architecto voluptatem.',82),(83,'et','Dolor neque et aspernatur quidem porro. Enim aperiam est deserunt aspernatur omnis temporibus. Suscipit ut voluptatem et vero amet. Sunt tempore architecto architecto voluptas est praesentium. Natus et aliquid pariatur.',83),(84,'consequuntur','Quas blanditiis fugit quia ea et omnis. Vitae quia esse illo aperiam. Sit vitae doloribus hic repudiandae.',84),(85,'ex','Iure sed quia quis magnam error quam. Aut quia molestiae molestiae illo reiciendis non consequatur. Ipsum iure omnis nam ut enim aperiam.',85),(86,'consequatur','Numquam dicta ipsa hic occaecati non quisquam ullam. Voluptatem officia nulla in ullam asperiores velit. Reiciendis cumque itaque repellendus nemo autem iusto neque consequatur.',86),(87,'dolores','Rerum ducimus nobis rem non. Id exercitationem nobis itaque repellendus necessitatibus beatae ipsum culpa. Nulla atque in sapiente necessitatibus perferendis quo beatae.',87),(88,'labore','Molestias quia ea suscipit quidem recusandae. Temporibus quidem quis molestias facilis. Totam fugit tenetur omnis temporibus et culpa nostrum. Natus tempore molestiae beatae officia est reiciendis.',88),(89,'cum','Id repellat voluptatum velit ut rerum aut. Nostrum id et totam facilis fugit sint. Saepe quas ex vitae libero voluptatem veritatis et delectus. Delectus aperiam velit at quae ut fugiat.',89),(90,'soluta','Est vitae mollitia ut iste. Sapiente modi quo qui voluptas aut rerum perferendis. Ut quam debitis autem aliquam ut modi atque.',90),(91,'earum','Ut debitis rerum possimus et autem alias facere. Velit dignissimos recusandae ut assumenda temporibus sed qui. Sint fuga facere dolorem. Quis error nihil autem itaque beatae. Consequatur aut dolorem aut dicta quasi itaque.',91),(92,'itaque','Numquam adipisci labore ullam vel. Vel voluptas consequatur voluptatem omnis placeat. Qui ea enim eum sunt et in porro. Molestiae nobis quia impedit distinctio.',92),(93,'suscipit','Eum sit neque voluptates optio impedit eos a assumenda. Quis alias dicta eum ex autem a odio. Voluptas doloribus provident quo reprehenderit cumque tempore autem eum.',93),(94,'ut','Similique dolores et explicabo consequatur eaque aut. Magnam aut deleniti ducimus a non optio. Aperiam laboriosam voluptates sequi suscipit ex quod occaecati. Eius dolor quisquam voluptate quo autem nemo ipsum expedita.',94),(95,'omnis','In reprehenderit dicta qui. Reprehenderit sit earum voluptatem earum voluptatem architecto rerum est. Ut quod quia quia dolore voluptas ea. Voluptas ex eum possimus non.',95),(96,'ut','Expedita est facere quisquam. Aperiam iste et recusandae dolores placeat nihil facere. Sed nobis blanditiis sed laboriosam.',96),(97,'necessitatibus','Sapiente tempora ab in suscipit laborum vel cum. Cupiditate error iste nihil debitis laudantium provident enim aspernatur. Optio sunt nostrum est quia vel aut amet.',97),(98,'ut','Quia quia id ut expedita dolores officia rerum delectus. Et sint consectetur optio tempora maiores quibusdam. Tenetur praesentium fugit quos autem et magni. Deleniti impedit sint sed dolorem necessitatibus ut quia.',98),(99,'et','Eum temporibus consequatur cum commodi mollitia. Temporibus aut dolorum praesentium dolorem recusandae doloribus. Quod eligendi eum sit.',99),(100,'nostrum','Rerum et eligendi vel. Aut nulla tenetur deserunt. Perspiciatis eveniet voluptatem sint soluta commodi placeat. Corrupti ut ut quis.',100);
/*!40000 ALTER TABLE `communities` ENABLE KEYS */;
UNLOCK TABLES;

--
-- Table structure for table `communities_users`
--

DROP TABLE IF EXISTS `communities_users`;
/*!40101 SET @saved_cs_client     = @@character_set_client */;
/*!50503 SET character_set_client = utf8mb4 */;
CREATE TABLE `communities_users` (
  `community_id` bigint unsigned NOT NULL,
  `user_id` bigint unsigned NOT NULL,
  `created_at` datetime NOT NULL DEFAULT CURRENT_TIMESTAMP,
  PRIMARY KEY (`community_id`,`user_id`),
  KEY `communities_users_comm_idx` (`community_id`),
  KEY `communities_users_users_idx` (`user_id`),
  CONSTRAINT `fk_communities_users_comm` FOREIGN KEY (`community_id`) REFERENCES `communities` (`id`),
  CONSTRAINT `fk_communities_users_users` FOREIGN KEY (`user_id`) REFERENCES `users` (`id`)
) ENGINE=InnoDB DEFAULT CHARSET=utf8mb4 COLLATE=utf8mb4_unicode_ci;
/*!40101 SET character_set_client = @saved_cs_client */;

--
-- Dumping data for table `communities_users`
--

LOCK TABLES `communities_users` WRITE;
/*!40000 ALTER TABLE `communities_users` DISABLE KEYS */;
INSERT INTO `communities_users` VALUES (1,1,'2020-12-10 11:25:19'),(2,2,'2020-08-04 08:36:15'),(3,3,'2021-03-19 00:20:07'),(4,4,'2020-06-23 21:10:34'),(5,5,'2021-03-23 12:59:49'),(6,6,'2021-03-16 12:32:46'),(7,7,'2020-05-18 06:50:50'),(8,8,'2020-10-10 05:43:03'),(9,9,'2020-04-18 02:06:53'),(10,10,'2020-08-02 16:37:26'),(11,11,'2021-03-17 08:27:58'),(12,12,'2020-06-25 05:44:50'),(13,13,'2020-04-02 23:09:38'),(14,14,'2020-12-31 07:26:16'),(15,15,'2020-12-11 03:26:44'),(16,16,'2020-04-26 02:31:31'),(17,17,'2020-10-28 16:37:22'),(18,18,'2021-01-21 14:13:57'),(19,19,'2020-07-19 18:38:10'),(20,20,'2020-10-11 03:40:54'),(21,21,'2020-06-03 20:28:53'),(22,22,'2021-03-12 16:57:55'),(23,23,'2021-02-10 03:48:23'),(24,24,'2021-01-01 10:05:47'),(25,25,'2020-12-12 01:00:52'),(26,26,'2020-08-27 23:24:46'),(27,27,'2020-10-05 03:59:11'),(28,28,'2021-03-10 23:02:18'),(29,29,'2020-12-31 13:48:16'),(30,30,'2020-04-22 15:23:17'),(31,31,'2020-12-03 01:15:15'),(32,32,'2020-08-26 19:28:40'),(33,33,'2021-01-15 13:14:15'),(34,34,'2020-08-21 23:14:24'),(35,35,'2020-12-22 05:01:48'),(36,36,'2021-03-25 21:39:41'),(37,37,'2021-01-28 16:31:30'),(38,38,'2021-01-02 21:56:33'),(39,39,'2021-02-27 18:09:28'),(40,40,'2021-03-23 12:42:22'),(41,41,'2020-04-02 13:16:22'),(42,42,'2020-08-21 18:56:43'),(43,43,'2020-10-06 10:19:06'),(44,44,'2020-08-07 00:45:39'),(45,45,'2021-03-21 20:03:00'),(46,46,'2020-08-31 21:37:50'),(47,47,'2021-03-06 12:30:46'),(48,48,'2020-06-30 15:02:19'),(49,49,'2021-02-16 21:29:25'),(50,50,'2020-12-08 14:36:49'),(51,51,'2020-06-19 01:42:48'),(52,52,'2021-03-26 20:58:11'),(53,53,'2020-11-14 13:50:08'),(54,54,'2020-10-27 22:01:07'),(55,55,'2020-04-09 22:48:32'),(56,56,'2020-05-01 10:47:32'),(57,57,'2020-04-06 20:29:19'),(58,58,'2020-06-27 14:14:56'),(59,59,'2021-03-26 08:31:57'),(60,60,'2020-06-05 04:25:08'),(61,61,'2020-06-24 17:42:54'),(62,62,'2020-09-19 19:05:23'),(63,63,'2021-02-20 18:07:37'),(64,64,'2021-02-23 22:25:32'),(65,65,'2020-10-21 17:42:31'),(66,66,'2021-03-02 03:17:09'),(67,67,'2021-03-26 04:56:58'),(68,68,'2020-10-19 11:23:44'),(69,69,'2020-04-16 15:10:18'),(70,70,'2020-05-22 12:27:27'),(71,71,'2020-12-27 18:37:22'),(72,72,'2020-10-24 02:02:07'),(73,73,'2020-05-03 05:47:16'),(74,74,'2020-05-27 06:52:30'),(75,75,'2020-08-25 14:27:43'),(76,76,'2020-09-21 19:50:04'),(77,77,'2020-11-02 10:54:49'),(78,78,'2020-07-12 01:09:48'),(79,79,'2020-09-26 13:45:48'),(80,80,'2020-04-19 07:25:00'),(81,81,'2020-09-12 11:34:26'),(82,82,'2020-12-25 06:45:51'),(83,83,'2020-10-09 22:15:59'),(84,84,'2020-09-04 23:15:37'),(85,85,'2020-08-27 22:49:11'),(86,86,'2020-07-05 06:50:51'),(87,87,'2020-12-24 06:03:34'),(88,88,'2020-05-20 14:51:45'),(89,89,'2021-02-05 19:29:50'),(90,90,'2021-01-17 14:22:58'),(91,91,'2020-08-03 19:11:05'),(92,92,'2020-05-13 08:56:52'),(93,93,'2020-11-26 15:31:17'),(94,94,'2021-01-25 02:08:25'),(95,95,'2021-02-26 15:20:50'),(96,96,'2020-08-23 20:22:03'),(97,97,'2020-12-04 01:13:34'),(98,98,'2021-03-18 19:59:06'),(99,99,'2020-10-31 15:55:57'),(100,100,'2020-11-10 03:42:43');
/*!40000 ALTER TABLE `communities_users` ENABLE KEYS */;
UNLOCK TABLES;

--
-- Table structure for table `friend_requests`
--

DROP TABLE IF EXISTS `friend_requests`;
/*!40101 SET @saved_cs_client     = @@character_set_client */;
/*!50503 SET character_set_client = utf8mb4 */;
CREATE TABLE `friend_requests` (
  `from_user_id` bigint unsigned NOT NULL,
  `to_user_id` bigint unsigned NOT NULL,
  `accepted` tinyint(1) DEFAULT '0',
  PRIMARY KEY (`from_user_id`,`to_user_id`),
  KEY `fk_friend_requests_from_user_idx` (`from_user_id`),
  KEY `fk_friend_requests_to_user_idx` (`to_user_id`),
  CONSTRAINT `fk_friend_requests_users_1` FOREIGN KEY (`from_user_id`) REFERENCES `users` (`id`),
  CONSTRAINT `fk_friend_requests_users_2` FOREIGN KEY (`to_user_id`) REFERENCES `users` (`id`)
) ENGINE=InnoDB DEFAULT CHARSET=utf8mb4 COLLATE=utf8mb4_unicode_ci;
/*!40101 SET character_set_client = @saved_cs_client */;

--
-- Dumping data for table `friend_requests`
--

LOCK TABLES `friend_requests` WRITE;
/*!40000 ALTER TABLE `friend_requests` DISABLE KEYS */;
INSERT INTO `friend_requests` VALUES (1,1,0),(2,2,0),(3,3,0),(4,4,0),(5,5,0),(6,6,0),(7,7,0),(8,8,0),(9,9,0),(10,10,0),(11,11,0),(12,12,0),(13,13,0),(14,14,0),(15,15,0),(16,16,0),(17,17,0),(18,18,0),(19,19,0),(20,20,0),(21,21,0),(22,22,0),(23,23,0),(24,24,0),(25,25,0),(26,26,0),(27,27,0),(28,28,0),(29,29,0),(30,30,0),(31,31,0),(32,32,0),(33,33,0),(34,34,0),(35,35,0),(36,36,0),(37,37,0),(38,38,0),(39,39,0),(40,40,0),(41,41,0),(42,42,0),(43,43,0),(44,44,0),(45,45,0),(46,46,0),(47,47,0),(48,48,0),(49,49,0),(50,50,0),(51,51,0),(52,52,0),(53,53,0),(54,54,0),(55,55,0),(56,56,0),(57,57,0),(58,58,0),(59,59,0),(60,60,0),(61,61,0),(62,62,0),(63,63,0),(64,64,0),(65,65,0),(66,66,0),(67,67,0),(68,68,0),(69,69,0),(70,70,0),(71,71,0),(72,72,0),(73,73,0),(74,74,0),(75,75,0),(76,76,0),(77,77,0),(78,78,0),(79,79,0),(80,80,0),(81,81,0),(82,82,0),(83,83,0),(84,84,0),(85,85,0),(86,86,0),(87,87,0),(88,88,0),(89,89,0),(90,90,0),(91,91,0),(92,92,0),(93,93,0),(94,94,0),(95,95,0),(96,96,0),(97,97,0),(98,98,0),(99,99,0),(100,100,0);
/*!40000 ALTER TABLE `friend_requests` ENABLE KEYS */;
UNLOCK TABLES;

--
-- Table structure for table `media`
--

DROP TABLE IF EXISTS `media`;
/*!40101 SET @saved_cs_client     = @@character_set_client */;
/*!50503 SET character_set_client = utf8mb4 */;
CREATE TABLE `media` (
  `id` bigint unsigned NOT NULL AUTO_INCREMENT,
  `user_id` bigint unsigned NOT NULL,
  `media_types_id` int unsigned NOT NULL,
  `file_name` varchar(245) CHARACTER SET utf8mb4 COLLATE utf8mb4_unicode_ci DEFAULT NULL COMMENT '/files/folder/img.png',
  `file_size` bigint DEFAULT NULL,
  `created_at` datetime NOT NULL DEFAULT CURRENT_TIMESTAMP,
  PRIMARY KEY (`id`),
  KEY `fk_media_users_idx` (`user_id`),
  KEY `fk_media_media_types` (`media_types_id`),
  CONSTRAINT `fk_media_media_types` FOREIGN KEY (`media_types_id`) REFERENCES `media_types` (`id`),
  CONSTRAINT `fk_media_users` FOREIGN KEY (`user_id`) REFERENCES `users` (`id`)
) ENGINE=InnoDB AUTO_INCREMENT=101 DEFAULT CHARSET=utf8mb4 COLLATE=utf8mb4_unicode_ci;
/*!40101 SET character_set_client = @saved_cs_client */;

--
-- Dumping data for table `media`
--

LOCK TABLES `media` WRITE;
/*!40000 ALTER TABLE `media` DISABLE KEYS */;
INSERT INTO `media` VALUES (1,1,1,'explicabo',62973,'2020-10-20 11:47:50'),(2,2,2,'et',272959,'2020-04-24 16:37:22'),(3,3,3,'ea',66040,'2021-02-16 13:49:30'),(4,4,4,'aperiam',404,'2020-11-20 10:29:52'),(5,5,1,'vel',4,'2020-09-08 22:50:04'),(6,6,2,'aut',0,'2020-10-25 15:20:36'),(7,7,3,'similique',0,'2021-02-14 07:37:09'),(8,8,4,'iste',43815531,'2020-12-02 06:56:17'),(9,9,1,'in',35,'2020-10-07 23:03:34'),(10,10,2,'quidem',10,'2020-12-26 09:30:06'),(11,11,3,'sequi',7884,'2020-08-22 12:03:23'),(12,12,4,'ducimus',36051,'2021-01-06 20:39:44'),(13,13,1,'ea',2,'2021-01-14 01:24:42'),(14,14,2,'aut',86,'2021-02-23 08:06:43'),(15,15,3,'quam',83971,'2020-09-04 12:45:19'),(16,16,4,'cum',48,'2020-07-10 08:16:39'),(17,17,1,'culpa',896,'2020-12-11 20:27:42'),(18,18,2,'impedit',677744383,'2021-03-28 16:40:23'),(19,19,3,'nostrum',5470278,'2020-07-18 15:19:04'),(20,20,4,'explicabo',798075,'2021-01-03 13:32:57'),(21,21,1,'eum',32932888,'2021-01-15 23:59:50'),(22,22,2,'amet',6,'2021-02-24 06:06:18'),(23,23,3,'veritatis',1875929,'2020-09-27 18:15:07'),(24,24,4,'accusamus',6369,'2020-12-05 06:11:14'),(25,25,1,'quia',145,'2020-09-07 11:37:38'),(26,26,2,'debitis',530072391,'2020-11-02 23:14:40'),(27,27,3,'ab',407869,'2020-09-17 10:59:44'),(28,28,4,'repellat',69083,'2020-06-08 06:42:58'),(29,29,1,'odit',401,'2021-03-01 03:04:10'),(30,30,2,'dolore',0,'2020-08-16 23:00:47'),(31,31,3,'beatae',38039,'2021-01-31 11:49:00'),(32,32,4,'vitae',29423887,'2020-05-08 17:58:09'),(33,33,1,'id',8047852,'2020-05-02 19:22:22'),(34,34,2,'ut',53564783,'2020-05-07 06:30:10'),(35,35,3,'assumenda',73809,'2020-11-02 01:31:14'),(36,36,4,'sit',97925124,'2020-11-03 19:14:24'),(37,37,1,'a',412327270,'2021-01-21 16:25:46'),(38,38,2,'et',47923,'2020-07-17 21:39:48'),(39,39,3,'maxime',3010,'2021-01-04 06:08:39'),(40,40,4,'quam',5242276,'2020-06-17 08:07:18'),(41,41,1,'enim',37085276,'2020-04-27 04:33:43'),(42,42,2,'et',691,'2020-05-14 20:16:24'),(43,43,3,'quibusdam',543,'2020-10-03 09:59:24'),(44,44,4,'natus',0,'2020-05-12 07:48:14'),(45,45,1,'dolores',50,'2020-06-20 02:47:01'),(46,46,2,'doloribus',4467,'2020-05-31 17:45:03'),(47,47,3,'dolorem',429676371,'2021-02-08 07:12:07'),(48,48,4,'voluptatem',386,'2020-05-24 16:45:52'),(49,49,1,'molestias',29011,'2020-12-18 22:02:24'),(50,50,2,'provident',0,'2020-07-10 15:34:09'),(51,51,3,'est',7193514,'2020-12-28 11:15:59'),(52,52,4,'vero',3897,'2020-12-28 08:06:41'),(53,53,1,'architecto',45,'2020-09-02 03:43:54'),(54,54,2,'ullam',4,'2020-11-06 12:01:23'),(55,55,3,'eos',503423,'2020-05-04 11:53:05'),(56,56,4,'suscipit',665,'2021-02-10 08:31:01'),(57,57,1,'delectus',6035991,'2020-11-28 16:56:52'),(58,58,2,'non',7,'2021-02-01 02:59:38'),(59,59,3,'sit',0,'2021-01-04 00:23:26'),(60,60,4,'qui',30381,'2020-04-15 06:15:16'),(61,61,1,'ut',963,'2020-04-21 20:27:43'),(62,62,2,'rerum',9,'2020-04-29 14:53:40'),(63,63,3,'voluptatem',60171910,'2020-06-05 19:56:36'),(64,64,4,'consequatur',5921,'2020-10-16 16:23:09'),(65,65,1,'officiis',178,'2020-06-11 13:16:19'),(66,66,2,'sequi',132448,'2020-05-08 22:08:44'),(67,67,3,'itaque',0,'2021-01-31 09:39:13'),(68,68,4,'eveniet',0,'2020-06-24 21:48:36'),(69,69,1,'ut',0,'2020-09-01 10:44:42'),(70,70,2,'quis',8764,'2020-07-02 08:30:28'),(71,71,3,'velit',6056,'2020-11-22 20:14:57'),(72,72,4,'et',8914724,'2021-03-31 03:48:34'),(73,73,1,'nostrum',895,'2021-03-12 17:32:10'),(74,74,2,'eum',82437,'2020-06-23 06:37:52'),(75,75,3,'iusto',25,'2020-04-03 05:11:13'),(76,76,4,'quasi',575401,'2020-04-04 15:40:37'),(77,77,1,'natus',0,'2020-09-25 20:14:55'),(78,78,2,'et',7,'2020-12-18 03:31:50'),(79,79,3,'impedit',386991664,'2020-11-12 15:36:20'),(80,80,4,'aut',19,'2020-06-12 02:36:14'),(81,81,1,'accusamus',0,'2021-02-14 21:39:40'),(82,82,2,'soluta',178,'2020-11-12 02:54:56'),(83,83,3,'aut',44123900,'2021-03-20 17:32:55'),(84,84,4,'suscipit',43002,'2020-10-10 07:54:52'),(85,85,1,'ratione',9833293,'2020-07-16 05:32:20'),(86,86,2,'eos',222000820,'2020-08-16 04:14:40'),(87,87,3,'molestias',212631,'2020-07-20 07:25:22'),(88,88,4,'quo',1499111,'2021-03-23 22:10:44'),(89,89,1,'et',394,'2021-01-18 12:56:12'),(90,90,2,'dignissimos',3053,'2020-08-20 07:23:18'),(91,91,3,'et',220087,'2020-07-11 23:55:25'),(92,92,4,'ea',0,'2020-04-07 18:52:19'),(93,93,1,'tenetur',54471,'2020-04-06 00:30:36'),(94,94,2,'sed',56144600,'2020-07-30 01:48:07'),(95,95,3,'et',94978,'2021-02-23 12:09:59'),(96,96,4,'dolorum',59970,'2020-08-01 19:03:38'),(97,97,1,'blanditiis',8,'2020-11-20 22:41:20'),(98,98,2,'dolore',7396658,'2020-06-19 08:44:09'),(99,99,3,'qui',2612,'2020-05-11 01:38:03'),(100,100,4,'quisquam',3,'2020-08-26 14:53:33');
/*!40000 ALTER TABLE `media` ENABLE KEYS */;
UNLOCK TABLES;

--
-- Table structure for table `media_types`
--

DROP TABLE IF EXISTS `media_types`;
/*!40101 SET @saved_cs_client     = @@character_set_client */;
/*!50503 SET character_set_client = utf8mb4 */;
CREATE TABLE `media_types` (
  `id` int unsigned NOT NULL AUTO_INCREMENT,
  `name` varchar(45) CHARACTER SET utf8mb4 COLLATE utf8mb4_unicode_ci NOT NULL,
  PRIMARY KEY (`id`),
  UNIQUE KEY `name` (`name`)
) ENGINE=InnoDB AUTO_INCREMENT=5 DEFAULT CHARSET=utf8mb4 COLLATE=utf8mb4_unicode_ci;
/*!40101 SET character_set_client = @saved_cs_client */;

--
-- Dumping data for table `media_types`
--

LOCK TABLES `media_types` WRITE;
/*!40000 ALTER TABLE `media_types` DISABLE KEYS */;
INSERT INTO `media_types` VALUES (1,'maiores'),(4,'suscipit'),(2,'ut'),(3,'vel');
/*!40000 ALTER TABLE `media_types` ENABLE KEYS */;
UNLOCK TABLES;

--
-- Table structure for table `messages`
--

DROP TABLE IF EXISTS `messages`;
/*!40101 SET @saved_cs_client     = @@character_set_client */;
/*!50503 SET character_set_client = utf8mb4 */;
CREATE TABLE `messages` (
  `id` bigint unsigned NOT NULL AUTO_INCREMENT,
  `from_user_id` bigint unsigned NOT NULL,
  `to_user_id` bigint unsigned NOT NULL,
  `txt` text CHARACTER SET utf8mb4 COLLATE utf8mb4_unicode_ci NOT NULL,
  `is_delivered` tinyint(1) DEFAULT '0',
  `created_at` datetime NOT NULL DEFAULT CURRENT_TIMESTAMP,
  `update_at` datetime DEFAULT NULL ON UPDATE CURRENT_TIMESTAMP,
  PRIMARY KEY (`id`),
  KEY `fk_messages_from_user_idx` (`from_user_id`),
  KEY `fk_messages_to_user_idx` (`to_user_id`),
  CONSTRAINT `fk_messages_users_1` FOREIGN KEY (`from_user_id`) REFERENCES `users` (`id`),
  CONSTRAINT `fk_messages_users_2` FOREIGN KEY (`to_user_id`) REFERENCES `users` (`id`)
) ENGINE=InnoDB AUTO_INCREMENT=301 DEFAULT CHARSET=utf8mb4 COLLATE=utf8mb4_unicode_ci;
/*!40101 SET character_set_client = @saved_cs_client */;

--
-- Dumping data for table `messages`
--

LOCK TABLES `messages` WRITE;
/*!40000 ALTER TABLE `messages` DISABLE KEYS */;
INSERT INTO `messages` VALUES (1,1,1,'Quis quos quis corrupti dolor similique molestiae. Atque eum doloremque nesciunt et nostrum. Omnis illum aperiam officia iure deleniti dignissimos et. Corporis vero ipsum delectus.',0,'2017-07-14 18:35:44','2020-10-06 01:32:58'),(2,2,2,'Culpa sapiente est nostrum eum sapiente voluptatibus. Velit non ex et dolore. Aliquam esse voluptas nostrum provident qui delectus.',0,'2011-04-21 15:24:40','2021-01-23 07:52:13'),(3,3,3,'Necessitatibus pariatur qui aliquid et molestiae. Quia sit accusamus soluta error rerum. Et modi rerum reprehenderit dolor blanditiis.',0,'2013-07-24 13:50:36','2020-11-10 20:23:32'),(4,4,4,'Facere labore dolores nemo quo repellendus iusto accusantium. Consequatur est corporis non corrupti fugit. Delectus ad velit totam aut aut. Est repudiandae non qui aperiam odit.',1,'2019-12-26 03:11:38','2021-02-15 14:49:22'),(5,5,5,'Eius qui voluptatum et exercitationem. Eligendi sapiente enim fugiat natus pariatur. Ex doloribus aut maxime sit omnis.',1,'2019-08-21 13:00:56','2020-05-26 04:07:55'),(6,6,6,'Maiores dicta laborum officiis officiis unde. Corporis dolor ea beatae et. Dolores tenetur maiores maiores in et.',0,'2013-05-09 18:32:20','2021-02-24 15:54:25'),(7,7,7,'Molestiae similique qui et earum vero quo. At consequatur magni praesentium beatae. Saepe fugiat dolor officia ipsum velit quia nostrum. Quod asperiores explicabo at sapiente deleniti.',1,'2017-03-05 16:51:35','2021-02-07 22:11:40'),(8,8,8,'Rem sed saepe animi quia consequuntur. Dignissimos consequatur ea fugit. Tenetur inventore ad praesentium recusandae voluptas facere reiciendis. Et eaque minus rerum sed nobis ab.',1,'2016-01-24 12:19:19','2021-02-09 00:29:14'),(9,9,9,'A excepturi excepturi debitis culpa omnis. Numquam temporibus dolores velit nisi sed qui eum. Accusamus et qui nihil impedit. Architecto earum molestiae praesentium voluptatem et at.',1,'2011-04-16 15:47:39','2020-09-07 10:51:44'),(10,10,10,'Qui atque non autem natus ea. Voluptatum enim nulla et dolor nisi cumque. Repellat quos placeat harum id asperiores deleniti earum.',1,'2015-12-01 21:15:14','2020-11-11 19:17:05'),(11,11,11,'Iure doloribus distinctio voluptas perferendis ad ut et. At ut tempora enim velit atque quam sed ea. Laborum ad inventore ea delectus architecto aut ex. Placeat dolores dolores sed blanditiis beatae.',1,'2018-03-18 09:12:48','2021-03-18 19:20:28'),(12,12,12,'Optio ab expedita ex officiis. Voluptates consequatur facere id error deserunt sed repellendus nihil. Repellendus vitae qui aut nulla laborum labore suscipit.',0,'2017-04-13 09:18:28','2021-03-09 08:35:48'),(13,13,13,'Et laboriosam omnis consequuntur quasi. Est nihil porro temporibus commodi eos. Aut totam aliquid aut qui.\nEst iste omnis provident. Eligendi quis quae id dolores. Quia a atque suscipit a deserunt.',1,'2012-07-11 18:03:03','2020-06-12 23:06:13'),(14,14,14,'Doloremque perspiciatis quo ut asperiores. Reiciendis repudiandae ea voluptatem est eum aspernatur. Et rem sit hic aliquid alias recusandae cumque. Aut in libero eum alias ea et id.',1,'2012-07-02 08:21:17','2020-08-23 22:07:52'),(15,15,15,'Et voluptas perferendis ut nobis dicta. Tenetur occaecati illo nobis. Nostrum aut in repellendus voluptas necessitatibus. Modi sunt accusamus delectus fuga distinctio dolore.',0,'2014-03-18 18:54:48','2020-09-16 00:50:21'),(16,16,16,'At sit alias fugit totam et. Delectus similique molestiae expedita qui similique non pariatur itaque. Iure ullam eum deserunt voluptates. Ea necessitatibus eos possimus nobis ducimus omnis.',0,'2014-12-04 08:57:32','2020-10-11 05:33:32'),(17,17,17,'Doloribus et maiores velit est voluptas eos. Minus atque cumque illum porro non. Praesentium earum autem qui in aut est.',0,'2017-12-01 07:52:50','2021-01-09 19:01:23'),(18,18,18,'Deleniti magni ratione eum quia et incidunt. Suscipit saepe eligendi nulla praesentium aut nemo inventore. Ut facere similique est nisi non.',0,'2013-12-20 13:45:31','2020-04-02 14:03:44'),(19,19,19,'Id modi neque praesentium provident culpa. Animi doloribus quia neque dicta. Maxime suscipit sed distinctio nobis.',1,'2018-08-15 00:27:18','2020-09-01 17:22:48'),(20,20,20,'Architecto ut aperiam quos labore consequuntur. Est ut aut tempora quisquam. Non esse harum odio beatae placeat quaerat omnis. Sint perferendis eos enim deserunt rerum.',0,'2012-07-03 17:23:19','2020-06-12 11:31:00'),(21,21,21,'Tenetur voluptatem et vero aut qui. Deleniti sit fugit et delectus.\nVoluptatum labore quae maiores magni nihil. Deleniti dolores nobis et vel fugit.',0,'2013-07-02 06:04:31','2021-01-11 08:04:26'),(22,22,22,'Non voluptatem sit ratione est expedita rerum et nulla. Consequatur tempore saepe odio libero aut unde ea. Sed architecto enim corporis iste accusamus laboriosam in.',0,'2014-10-22 07:21:12','2020-05-23 18:02:14'),(23,23,23,'Sed quibusdam est corporis eius quis. Facilis explicabo officia soluta enim et voluptates. Molestias est nihil doloremque quod saepe minima et.',1,'2011-09-30 01:43:39','2020-11-01 07:46:06'),(24,24,24,'Tempora vel voluptatem voluptatem facilis totam. Nesciunt quia suscipit asperiores provident error assumenda omnis occaecati. Doloribus velit omnis nemo doloribus dolor esse qui sint.',1,'2011-12-04 18:42:48','2020-10-22 21:12:59'),(25,25,25,'Maiores quis modi et laboriosam animi sit nihil. Ut autem ducimus sed.\nQuasi quos commodi sit numquam ut dolorem et. Iste molestiae non voluptas sed facilis. Consequuntur labore ut consequatur.',0,'2020-06-20 18:05:32','2021-02-20 05:56:25'),(26,26,26,'Voluptas aspernatur sed vel rem. Laborum qui dolor cum doloribus animi eum. Deserunt molestias aut omnis cumque et nisi. Cupiditate optio ea ut aut.',0,'2019-07-03 22:50:37','2020-12-06 10:19:44'),(27,27,27,'Qui quia sed est dicta tempora enim. Vero aut nulla beatae magnam. Qui in voluptatem nemo eum in nihil animi. Voluptas et pariatur qui neque est consequatur.',1,'2011-10-02 21:41:36','2021-01-07 15:26:22'),(28,28,28,'Enim qui ex voluptas rerum illo dolor aut. Eum quisquam optio corrupti quia nihil sequi. Velit sapiente enim quasi deserunt magnam fugit.',1,'2012-06-07 12:34:08','2020-09-16 04:10:58'),(29,29,29,'Veniam et beatae vero provident. Ipsa dignissimos aspernatur vel nulla non. Nam dolores placeat commodi ex. Ut sint nisi laboriosam nemo.',0,'2020-07-06 13:05:31','2020-12-31 03:48:23'),(30,30,30,'Commodi perspiciatis rerum quis dolores magnam. Officiis sunt quo dignissimos est harum. Quis sunt officia autem eos deserunt et tempora.',0,'2020-07-06 05:35:31','2020-07-05 14:28:06'),(31,31,31,'Aliquam quasi similique odio. Quod esse et ducimus nulla consectetur corrupti. Eligendi debitis aspernatur accusantium explicabo. Nobis molestiae ex omnis unde ullam tenetur dolorem.',0,'2014-10-03 20:06:04','2021-01-23 17:43:58'),(32,32,32,'Modi nisi voluptatem rerum sunt nam. Ea error quia mollitia totam vel quia autem. Omnis quidem perferendis et ratione porro quaerat perferendis. Ut quisquam quaerat molestiae tempora atque non qui.',0,'2020-08-24 11:22:14','2020-04-30 08:16:07'),(33,33,33,'Molestiae vitae ut omnis commodi non amet velit. Iure nihil itaque autem nihil est. Provident aut sed deleniti doloribus voluptatem eum. Earum dolorum minima accusantium veniam eius ut magni ullam.',1,'2017-06-10 16:26:08','2020-04-16 04:14:17'),(34,34,34,'Dicta beatae voluptas omnis in. Et deleniti beatae iure eos eius repellendus qui. Eius voluptate corporis minus ipsa accusamus. Laudantium et illum qui non est aut.',0,'2015-06-17 04:20:10','2021-02-17 21:29:18'),(35,35,35,'Commodi sint molestiae est. Autem quas enim numquam sit eligendi eos. Corrupti reprehenderit libero nam vel animi eaque.',0,'2016-07-25 09:40:09','2020-08-16 20:15:08'),(36,36,36,'Soluta quisquam excepturi et. Voluptatem explicabo delectus quibusdam est voluptates voluptates. Dicta odio modi illo voluptatibus sequi quod.',0,'2017-08-20 04:53:12','2020-09-28 21:57:36'),(37,37,37,'Fuga voluptatum est porro aut perspiciatis voluptatem est. Nemo magni asperiores nemo perspiciatis dolores sed. Delectus sequi nihil incidunt officia aut aut quam.',0,'2018-06-13 23:39:18','2020-08-29 22:24:58'),(38,38,38,'Voluptas voluptas sit sed omnis saepe qui officiis. Nihil eos sed id recusandae aut. At iste adipisci maxime pariatur aliquid. Nam necessitatibus neque numquam nobis.',0,'2019-10-29 21:10:59','2020-07-28 07:31:33'),(39,39,39,'Non porro blanditiis et perferendis praesentium. Non qui voluptas sint doloremque quis et quasi. Nam ea natus minus sunt.',0,'2019-12-20 14:30:51','2020-10-31 16:45:58'),(40,40,40,'Exercitationem et aut mollitia dolore a ipsam. Et ipsum quia maxime rem sit voluptates. Libero molestiae illo harum voluptas voluptatem quia. Et vel eos totam dolores odio quaerat.',1,'2020-05-27 14:20:38','2020-04-30 04:32:32'),(41,41,41,'Est aut laudantium deserunt. Dignissimos harum repellendus sed quia qui. Saepe vero dolor eum expedita. Et exercitationem ratione nihil qui officia dolor quo.',0,'2020-07-15 07:49:16','2020-12-23 09:23:15'),(42,42,42,'Ad voluptates non reprehenderit. Quas expedita odit nemo. Magni eius ullam officiis nihil fugit quis.',1,'2012-10-28 19:14:41','2021-03-30 17:18:56'),(43,43,43,'Libero nihil exercitationem quam magnam qui. Beatae impedit aliquam at et. Occaecati qui facere et deleniti qui perspiciatis voluptas laboriosam.',0,'2011-08-10 10:18:08','2021-02-09 12:37:07'),(44,44,44,'Quia ut pariatur natus. Dolore provident voluptates voluptas unde laboriosam expedita.\nQuae est enim sit ut non voluptas. Quo provident ullam perspiciatis aut eos.',1,'2019-05-15 19:11:04','2020-12-16 17:22:33'),(45,45,45,'Nisi maiores tenetur aliquid voluptas. Dolorem et sunt voluptatum rem magni suscipit itaque. Doloribus cumque doloremque at nulla.',0,'2014-06-29 19:07:16','2021-01-04 13:06:55'),(46,46,46,'Ea ipsum doloribus tempore repudiandae. Vel veniam et omnis non in eius. Pariatur aut sed corrupti alias suscipit. Eius quia tempore animi optio quidem at.',0,'2014-11-09 07:50:04','2021-01-10 05:00:10'),(47,47,47,'Minus blanditiis sequi enim reiciendis eaque quo. Adipisci hic et non aut reiciendis culpa aut assumenda.',0,'2016-06-06 15:38:28','2020-09-22 09:02:45'),(48,48,48,'Est molestiae earum id consequuntur ut. Quo provident voluptas illum fugiat est. Ea dolorem sint est ea. Dolor et et ipsum ea et officia.',1,'2013-05-22 23:04:09','2021-02-23 14:35:48'),(49,49,49,'Consequatur voluptas ea voluptates vel. Velit et repellendus natus nihil eum rerum voluptates.',0,'2013-09-24 03:59:44','2020-05-16 18:03:14'),(50,50,50,'Qui quos consequuntur quo consequuntur. Incidunt enim ut qui error nemo. Quo officia aut eius dolores. Deserunt dolor illum molestiae debitis.',1,'2015-10-25 15:03:14','2020-05-16 20:36:19'),(51,51,51,'Nesciunt fugit molestiae rerum repellendus sit. Modi porro nemo accusamus nam iste. Ut voluptas non id nihil omnis quis impedit. Optio quia nemo non dolorum aut blanditiis.',0,'2020-03-23 21:11:32','2020-04-21 04:25:18'),(52,52,52,'Omnis laboriosam sed earum et vero. Itaque dolore quos ut illum pariatur. Sed sed deserunt eum eum amet quos. Dolores molestias illo enim quidem minima et quaerat.',1,'2016-06-11 11:51:52','2020-08-03 14:44:37'),(53,53,53,'Aut reiciendis voluptatem animi voluptatem voluptates delectus quam. Id temporibus non rerum harum non occaecati. Aperiam et veritatis soluta inventore omnis est.',0,'2016-10-17 02:40:35','2020-12-29 13:03:36'),(54,54,54,'Eos ea aliquam et eius. Vel nostrum odio quibusdam porro consequatur labore. Animi laborum sit assumenda ut. Suscipit quia ea laborum sunt et dignissimos deleniti. Qui sit in sit magnam.',1,'2013-08-20 18:25:05','2020-12-29 22:40:52'),(55,55,55,'Nihil at quod ut natus ut. Autem necessitatibus nihil omnis. Delectus nihil reprehenderit ut voluptatem sit. Laudantium molestiae velit libero quod totam porro.',0,'2013-05-28 21:00:50','2020-06-23 02:34:46'),(56,56,56,'Fuga et et cupiditate quis omnis. Ex perspiciatis quod praesentium porro dignissimos qui in. Sunt nam ipsum ea ea quis quaerat porro alias. Voluptate omnis voluptate iusto at.',1,'2020-12-18 13:42:57','2020-09-16 19:21:32'),(57,57,57,'In quidem architecto porro est vitae odit. Omnis exercitationem eaque et dolores molestiae. Eos quia aliquid qui est doloribus incidunt. Eligendi dolorem qui enim quibusdam ut.',0,'2013-09-09 21:50:19','2021-03-30 18:10:24'),(58,58,58,'Maiores id hic modi. Sed nobis error omnis ratione. Ut molestiae ipsam facere illo maxime. Ipsum architecto commodi voluptatibus quas sint unde.',1,'2015-05-19 09:25:17','2020-12-25 20:07:57'),(59,59,59,'Est omnis a consequatur esse molestiae. Ut sequi sunt id rerum. Voluptatem aperiam eligendi quia totam labore.\nMinus illo reprehenderit vero quod quo. Ea animi quia magni provident pariatur.',1,'2013-04-22 23:29:02','2020-05-26 21:20:48'),(60,60,60,'Voluptas corrupti veritatis exercitationem qui neque ex. Omnis labore velit quis iste. Eius non qui rerum dolores. Consectetur atque magnam doloremque quaerat est quo.',1,'2020-03-25 22:41:49','2020-06-01 03:07:52'),(61,61,61,'Nobis facere enim reprehenderit beatae odit. Aperiam reprehenderit voluptatem adipisci fuga quae et neque. Quas praesentium quia ut labore a et molestiae.',1,'2013-04-26 23:12:27','2020-08-17 01:27:14'),(62,62,62,'Maxime sed distinctio porro beatae corporis sit. Unde nam vero aut eum neque est tempora. Dicta dolores odit esse molestiae.',0,'2017-12-19 20:06:32','2020-05-04 22:38:09'),(63,63,63,'Blanditiis eos labore laborum dolores quo veniam voluptatem. Quis amet inventore maxime. Ratione ipsum dicta fugiat voluptatem omnis nihil laudantium tempore.',1,'2019-04-25 09:34:20','2020-07-17 11:12:30'),(64,64,64,'Et cumque earum iste vel voluptate sint molestiae. Rerum quae eos eos corporis. Quisquam ratione aperiam officia ut. Quo a eos repellat doloremque ut consequuntur nulla aspernatur.',1,'2018-10-22 19:15:47','2021-02-27 22:51:44'),(65,65,65,'Non id tenetur magnam rerum. Libero nostrum sunt natus fugit sed veniam et. Eos numquam totam corporis. Id aut asperiores maiores saepe asperiores repellendus est.',1,'2017-05-02 06:21:37','2020-12-03 01:40:54'),(66,66,66,'Explicabo molestiae explicabo reprehenderit accusantium similique. Maiores consequuntur nobis corporis ipsum. Et dolores natus quas nisi expedita.',1,'2011-10-31 03:28:43','2020-08-17 02:36:36'),(67,67,67,'Quis delectus vel distinctio vitae recusandae ut velit. Delectus possimus quis beatae quos sint vel. Placeat ipsum ipsa reiciendis.',1,'2014-04-10 01:54:03','2021-03-13 09:25:38'),(68,68,68,'Ex dolorem placeat occaecati id tempore. Fugiat voluptas ut quis odio eos consequatur necessitatibus. Officia voluptatum et ea ducimus enim maxime.',1,'2014-12-16 14:59:59','2020-08-17 00:55:16'),(69,69,69,'Sint adipisci ut et rerum maiores quidem. Et molestias libero qui laboriosam et. Unde tenetur repellendus perferendis et. Commodi omnis et quas voluptatem facere numquam.',0,'2017-09-19 14:31:47','2021-03-25 14:21:39'),(70,70,70,'Atque quasi explicabo impedit reiciendis aut velit a mollitia. Sit soluta enim vel. Asperiores quia dolor quos odit saepe.',1,'2014-01-07 17:15:43','2021-03-26 03:05:05'),(71,71,71,'Ex consectetur voluptas ut aut ex sit voluptatem. Molestiae consequatur error consectetur hic voluptatem quos. Quam laboriosam non officiis.',0,'2016-11-11 01:01:23','2020-05-31 00:48:04'),(72,72,72,'Consequatur a atque sit dolor autem. Nihil alias qui libero eum adipisci aspernatur. Adipisci commodi laudantium soluta maxime repellendus facere.',1,'2011-06-28 22:13:55','2020-08-03 02:13:52'),(73,73,73,'Sequi qui aperiam sit. Fugit vel animi animi natus dolore porro. Aperiam consequatur voluptas quia nesciunt. Ut sunt ab non odio tempore sed.',0,'2020-01-11 14:17:51','2020-06-14 12:42:05'),(74,74,74,'Ut beatae at ea voluptas. Illum nobis dolor aliquid harum molestiae in. Dicta vero enim dignissimos dolores.',1,'2013-08-01 15:17:25','2020-06-27 06:51:31'),(75,75,75,'Vel a necessitatibus et fugit nihil porro eius. Repudiandae velit voluptas dignissimos. Mollitia nihil dolor velit aut tempora.',0,'2016-05-16 12:48:21','2020-10-25 07:44:40'),(76,76,76,'Molestias et omnis dignissimos quia iste. Autem rerum dignissimos quia voluptas quos. Facilis saepe earum eum alias sint molestiae non consectetur. Illum impedit vitae eius quae ex.',0,'2012-08-11 07:47:53','2020-04-29 03:51:54'),(77,77,77,'Et voluptas dolores quod. Harum ipsa animi quaerat. Iure rerum ut velit molestiae ipsam ut magnam. Et voluptatum nulla veritatis itaque.',1,'2015-01-30 19:13:20','2020-10-26 08:17:18'),(78,78,78,'Et at eveniet expedita hic recusandae autem. Dolorem rerum aut eveniet est et. Et ad tempore illo rerum iusto. Mollitia sit minima ipsum animi cupiditate voluptatem aliquam.',0,'2017-09-30 10:45:47','2020-11-29 21:23:10'),(79,79,79,'Nam aut maxime aperiam aut aut reprehenderit. Sint ipsa recusandae et dolorem eaque ipsum sit. Ut saepe et sit placeat sit.',1,'2020-12-17 09:38:45','2020-11-09 13:22:30'),(80,80,80,'Dolorem consequatur alias ut reiciendis et fugit non. Et voluptas vel velit sint. Est aut ullam minima ad explicabo.',1,'2021-01-31 18:40:21','2020-04-16 12:31:58'),(81,81,81,'Similique dicta aut et mollitia quam sapiente unde. Quisquam quo ipsum velit et omnis alias optio.',0,'2018-01-31 03:35:35','2021-02-26 00:35:41'),(82,82,82,'Asperiores amet dolores quam et aliquam. Aut commodi at veniam quia fugit cumque. Magnam numquam excepturi aspernatur voluptas vitae dolor nesciunt.',0,'2012-02-12 00:40:39','2020-12-19 04:48:05'),(83,83,83,'Quis hic enim delectus aut aperiam consequuntur architecto quibusdam. Accusantium est omnis ut. Qui quaerat sapiente modi accusantium et officiis qui ut.',1,'2020-01-30 08:31:22','2020-12-10 12:03:33'),(84,84,84,'Voluptate et est sunt quaerat assumenda ut aliquid. Consequatur eum officiis maiores odio. Iusto ut est omnis doloribus repudiandae necessitatibus ab. Ab exercitationem nostrum praesentium facilis.',1,'2019-06-14 18:52:28','2021-01-11 16:52:42'),(85,85,85,'Pariatur quod nemo accusantium veniam vel rerum aut. Odit molestias eos qui est omnis illo. Placeat veritatis modi numquam cum est perspiciatis. A quos iusto laudantium.',1,'2016-07-06 01:05:54','2021-01-08 12:55:38'),(86,86,86,'Sed eos voluptatem in id et ea. Eligendi in facere repellat et. Culpa inventore consequatur eligendi qui autem est.',1,'2019-04-01 00:22:37','2020-09-26 01:59:08'),(87,87,87,'Ut ea sapiente repudiandae qui molestiae. Aliquid quibusdam voluptatem voluptate quod rerum iure. Sint impedit maiores neque repudiandae sequi dicta pariatur.',0,'2018-11-26 01:02:36','2021-01-17 23:57:26'),(88,88,88,'Ut nam facere laudantium rerum maxime. Animi id eligendi ex numquam laboriosam ut quisquam. Et amet tempora sunt saepe voluptates ut repudiandae.',0,'2021-01-17 07:54:48','2020-11-26 15:06:24'),(89,89,89,'Est asperiores nulla enim eveniet eius iste. Quaerat autem quis rerum dolor. Est provident molestiae officiis facere.',0,'2012-08-28 19:21:56','2020-10-08 16:11:33'),(90,90,90,'Quas voluptatem nam rerum eum quia. Animi amet soluta iusto modi est voluptatum sit porro. Cum suscipit cumque illo ut est.',0,'2016-10-10 19:52:47','2020-12-06 06:10:48'),(91,91,91,'Accusamus sunt magnam illum. Cumque placeat officiis est dolores ut aut fugiat. Sit et quo quia odit. Minima sed hic natus quos qui.',0,'2015-08-31 14:23:44','2021-03-15 17:23:34'),(92,92,92,'Quisquam sed ducimus unde placeat rerum libero officia. Asperiores fuga voluptas et quo. Eum exercitationem ducimus rerum sit adipisci adipisci laudantium.',0,'2017-04-12 02:53:57','2020-06-29 21:54:41'),(93,93,93,'Explicabo et modi a quod illo vel sunt. Doloribus excepturi ut sunt ratione aut quis et. Sed ad voluptas distinctio quam. Mollitia nostrum facere rerum et aut tenetur quaerat quibusdam.',1,'2015-11-06 19:23:48','2020-10-22 14:25:06'),(94,94,94,'Earum et adipisci ea et veritatis. Qui hic deleniti ut maiores omnis debitis rerum. Sunt atque sit alias veritatis. Delectus architecto et autem unde.',0,'2016-01-26 19:10:24','2020-06-22 07:23:02'),(95,95,95,'Corrupti consequuntur occaecati harum optio tenetur non libero. Quidem et harum earum itaque eos odit. Ad qui rem ipsa hic officiis rerum. Aut accusamus aut sequi reiciendis ut.',0,'2018-06-19 04:31:21','2020-07-13 22:53:52'),(96,96,96,'Ab magnam totam illum voluptatem. Voluptatem molestiae quia dolor. Et architecto cupiditate voluptatibus. Voluptatibus minus dolorem est consequatur recusandae similique quo.',1,'2014-09-20 17:31:45','2021-02-07 01:51:54'),(97,97,97,'Harum est itaque aliquid. Exercitationem est voluptatibus possimus reprehenderit. Quisquam corrupti officiis vitae excepturi ut quisquam eligendi accusantium.',1,'2011-10-23 16:58:42','2020-11-11 10:06:48'),(98,98,98,'Soluta enim ut adipisci velit nihil iure. Sint autem modi porro reprehenderit. Sunt modi esse ea sed eligendi.',1,'2018-08-01 08:52:56','2021-02-07 00:47:37'),(99,99,99,'Voluptas ipsam et ut ea at et. Vel dolor nesciunt accusantium dolores aliquid harum. Voluptatum doloribus animi saepe. Totam dolorem ut ut aliquam aut asperiores quos.',1,'2016-11-12 21:53:12','2021-02-17 04:29:23'),(100,100,100,'Vel magni quasi reiciendis enim vel quia. Accusantium quidem est consectetur rem quod.',1,'2016-06-04 04:26:26','2020-09-27 03:47:58'),(101,1,1,'Asperiores in quia quaerat sit. Est dolorum et accusantium illo vitae adipisci totam fugit. Suscipit odit quae labore doloremque sapiente. Unde sit suscipit et.',1,'2012-01-27 02:43:40','2021-01-07 06:10:11'),(102,2,2,'Necessitatibus rerum autem deserunt quidem. Eum magni eveniet quas sed occaecati non voluptates. Earum nostrum consequuntur voluptas nihil illum eum. Ipsa sit atque sit eos nemo beatae.',0,'2017-11-05 17:28:51','2020-10-22 01:25:39'),(103,3,3,'Minus atque dolorem veniam. Et odio tempore repellendus et animi qui. Architecto odio dolorem veritatis ut. Iure minus velit vero sunt consequatur nihil.',1,'2013-04-20 15:31:54','2020-04-21 19:18:22'),(104,4,4,'Ut consequatur eum et suscipit. Autem consequatur culpa est non animi quos voluptatem saepe. Molestias voluptatum officia asperiores quibusdam iste.',1,'2017-09-07 19:53:50','2020-08-04 00:13:52'),(105,5,5,'Voluptatum ab dolores fuga aliquam. Nam qui consequatur nulla blanditiis. Qui repudiandae dolores laboriosam officiis ut aut aut.',0,'2018-11-27 05:23:49','2020-09-18 05:06:24'),(106,6,6,'Culpa repellendus mollitia at corrupti odit dolor. Voluptas labore autem dolor. Voluptatem atque ut rerum enim. Distinctio iure labore voluptas est.',1,'2016-11-16 04:15:11','2020-08-31 20:45:03'),(107,7,7,'Officiis qui aliquid mollitia. Eos enim veniam aperiam earum nesciunt sequi in. Accusamus laboriosam ut quia suscipit consequatur qui explicabo non. Qui architecto eum et officiis repudiandae.',0,'2012-08-30 05:47:25','2020-10-18 23:59:00'),(108,8,8,'Porro natus quia qui nihil quis. Vero qui nisi eum. Ea id non vitae impedit molestiae. Iusto qui non blanditiis.',1,'2014-05-23 05:34:42','2020-12-18 23:14:01'),(109,9,9,'Enim saepe qui aliquid sint dignissimos. Modi dicta pariatur voluptas tenetur. Consequuntur saepe amet nostrum unde incidunt possimus quod.',1,'2018-10-30 22:07:56','2020-10-02 13:27:30'),(110,10,10,'Aut illum magni blanditiis accusantium aut. Laborum rerum eos tempore quis sed qui vero et. Dolorem et vel reprehenderit exercitationem. Omnis velit perspiciatis rem dolores est quia.',0,'2017-08-30 09:04:44','2020-11-22 00:07:17'),(111,11,11,'Quia sunt velit rerum iste consequuntur. Itaque ut dolor ut dignissimos dolores sint. Laborum reiciendis dolorem iusto recusandae quos occaecati voluptatem. Sapiente eos suscipit dolorem dicta.',1,'2018-05-10 10:51:53','2020-06-15 10:51:36'),(112,12,12,'Soluta laboriosam exercitationem sed sit et doloribus dolorem. Molestias excepturi in repellat corporis.',0,'2021-03-05 04:59:02','2021-01-12 17:46:36'),(113,13,13,'Neque amet perferendis dolor culpa doloremque amet. Ea id alias nemo quo animi aut nihil consequatur. Officiis repudiandae delectus iure ea deleniti necessitatibus enim.',0,'2012-11-08 17:42:00','2020-06-20 19:49:44'),(114,14,14,'Quisquam at explicabo sequi in quis sequi. Aspernatur qui qui id qui voluptas vel fugiat debitis. Est ipsam ullam voluptatibus culpa quos. Aut debitis optio consequatur ullam magni et mollitia.',1,'2019-05-13 03:42:58','2020-07-19 00:39:29'),(115,15,15,'Blanditiis dolores et cumque at. Sit sed velit eaque dolore cum fugit. Sequi ea enim nulla voluptas quaerat. Explicabo quia quis molestiae illum est suscipit.',0,'2016-04-01 07:34:42','2020-11-04 07:48:06'),(116,16,16,'Qui autem adipisci vel quisquam. Omnis sapiente laborum officia harum nulla ea dolores possimus. Sit non odio incidunt quis id est quia.',0,'2017-01-07 19:22:20','2021-01-11 23:41:30'),(117,17,17,'Non et ex vitae et cum ab labore. Laborum animi doloremque suscipit harum dolores. Et rerum voluptas vero necessitatibus voluptas at similique et.',1,'2019-12-26 18:43:54','2021-02-02 03:54:48'),(118,18,18,'Neque illum illum totam voluptatem quis aut. Qui illo nobis aut ut. Blanditiis harum ut enim ratione saepe et.',1,'2018-12-18 14:03:14','2020-07-21 23:58:24'),(119,19,19,'Eum quod atque rem quos ipsum voluptate ut. Et ab eligendi et consequatur expedita ut.',0,'2017-02-09 10:25:52','2021-03-22 08:43:40'),(120,20,20,'Enim odio fugit consequatur accusamus fugit sapiente. Sequi ut autem inventore. Sunt labore optio qui expedita. Earum ratione ut magni dolore.',1,'2020-11-01 20:45:12','2020-07-14 03:23:14'),(121,21,21,'Dolore est et deleniti similique modi assumenda. Pariatur et laborum dolores nesciunt ut. Molestiae perferendis neque nostrum. Eligendi est dolores voluptate velit libero.',1,'2014-08-04 01:02:53','2020-12-10 05:08:41'),(122,22,22,'Omnis veritatis facilis reprehenderit cupiditate laborum voluptatem in aut. Rerum totam voluptatibus qui voluptate nulla. Temporibus modi quia qui non fugit. Rem eveniet totam qui necessitatibus.',1,'2012-10-11 15:08:37','2020-12-14 22:20:19'),(123,23,23,'Officia facilis sed et animi odit. Repellat maxime et deserunt quis ex. Qui unde qui nihil dolore debitis dolor quis. Debitis cupiditate iste nobis nisi ut. Et occaecati autem non sequi.',0,'2018-09-09 04:26:17','2020-07-10 15:22:23'),(124,24,24,'Quis molestiae debitis est qui exercitationem molestiae excepturi. Ea sequi sed quia voluptates. Voluptatem fugit praesentium ut.',1,'2015-10-15 16:47:59','2021-02-03 19:55:50'),(125,25,25,'Est suscipit aspernatur nostrum nemo perspiciatis. Et atque dolores nisi nesciunt ut. Eaque nostrum voluptate et explicabo dolores inventore.',0,'2016-01-29 03:47:07','2021-03-14 13:59:42'),(126,26,26,'Dolorum repellendus voluptates vel adipisci commodi. Maiores tenetur rerum incidunt. Illum ab et veritatis illum dolorum.',1,'2020-05-11 22:15:23','2021-03-05 23:08:23'),(127,27,27,'Eos tempore voluptas qui dicta dicta. Adipisci vel illo blanditiis omnis. Velit sit nostrum sequi nam amet corrupti error. Officiis enim ipsa expedita.',0,'2013-12-29 16:34:41','2020-12-11 03:21:52'),(128,28,28,'Corrupti repellendus voluptatem a aperiam. Perspiciatis repellendus cum eaque voluptatem natus. At eum nostrum et voluptatem ut officiis. Vitae facilis aperiam in maiores animi eos illum tempore.',1,'2017-03-25 06:02:45','2021-03-26 11:56:14'),(129,29,29,'Doloribus repellat aut sint voluptates. Cupiditate minima quos quidem sed consequuntur quos. Architecto unde necessitatibus blanditiis facere sed.',1,'2013-05-19 02:15:51','2020-08-12 05:05:55'),(130,30,30,'Nihil voluptas ea rerum qui. Eos cupiditate aut nam et nobis dolore ipsum.',0,'2017-08-29 16:20:12','2021-01-12 18:47:33'),(131,31,31,'Ipsum rerum voluptatibus earum atque unde ipsa architecto. Officiis voluptas quos eveniet in blanditiis eos amet. Dolores sunt quos voluptatem aliquam repudiandae. Adipisci explicabo quia cum sint.',0,'2018-08-02 00:12:19','2021-01-01 16:05:25'),(132,32,32,'Molestiae eum voluptas eos. Et est in eaque velit tempore perferendis. Culpa dignissimos nam rerum adipisci maxime. Repellendus fugit magni incidunt ut eveniet.',0,'2019-10-10 23:58:42','2021-02-03 12:41:53'),(133,33,33,'Et et alias cupiditate. Et non nesciunt quo asperiores sunt id et. Sunt doloribus repudiandae doloremque aperiam maiores ut cupiditate.',1,'2021-02-04 06:29:58','2021-03-23 12:06:22'),(134,34,34,'Mollitia quo ad minus nobis qui. Sapiente amet consequatur porro aut et ipsam tempora culpa. Excepturi asperiores et numquam iste ut porro dicta suscipit.',1,'2017-12-29 03:56:37','2020-05-28 22:17:00'),(135,35,35,'Libero sit cupiditate aut et voluptatem. Labore pariatur recusandae qui quibusdam. Odit deleniti ab voluptatem et.',1,'2011-06-05 16:50:45','2021-02-21 11:13:11'),(136,36,36,'Nulla nihil est eum deleniti temporibus aut doloribus in. Aut rem laboriosam occaecati qui. Sit qui asperiores labore minima porro placeat et.',1,'2011-08-29 03:48:37','2021-02-19 06:33:33'),(137,37,37,'Adipisci reiciendis aut aut earum. Et sed eveniet cum quae veritatis doloribus dolores. Deserunt at ab quaerat odio. Tenetur temporibus et dolorum dolor commodi.',0,'2016-06-24 12:18:48','2020-11-06 17:27:50'),(138,38,38,'Optio laborum nisi delectus et omnis soluta. Delectus eius eius blanditiis voluptate molestiae et totam voluptate. Laudantium est aut qui consequatur dolore.',1,'2011-05-19 06:00:13','2021-03-09 15:58:35'),(139,39,39,'Qui maxime quis rerum aliquid fuga animi deleniti. Sunt quaerat neque quidem mollitia. Totam aut rem eligendi et dolorum sed ratione eius.',1,'2018-08-23 21:50:56','2020-05-11 16:47:57'),(140,40,40,'Nulla est voluptate fugit velit quia nam recusandae. Dignissimos repellat ut a fugiat.',1,'2018-02-08 20:54:11','2020-07-23 21:03:16'),(141,41,41,'Vero ratione inventore debitis aperiam maxime. Laboriosam quisquam quos autem velit.',1,'2017-08-04 08:21:47','2020-08-17 03:19:41'),(142,42,42,'Dolor aut eum adipisci quia dicta. Deserunt earum nesciunt aut id et. Dolores voluptatem minima nihil unde.',1,'2013-07-06 08:36:04','2020-07-20 10:50:43'),(143,43,43,'Vero est ullam similique qui vitae. Praesentium occaecati sapiente dolor impedit aut aut.',0,'2020-01-05 18:14:50','2020-05-13 08:15:09'),(144,44,44,'Porro provident voluptates dolores porro itaque. Aut et et itaque vel tempora. Recusandae voluptas est quas explicabo maxime vel aut expedita.',0,'2020-07-14 07:47:32','2020-05-28 01:38:51'),(145,45,45,'Quasi occaecati vel voluptas saepe consequatur ea. Aspernatur id sint et earum sunt et sed rem. Minus voluptates qui molestiae quaerat perspiciatis temporibus. Et ducimus aliquam magni.',0,'2021-03-15 13:33:42','2020-12-05 13:30:35'),(146,46,46,'Rerum non nostrum dolorem culpa eum fuga autem quo. Quia est placeat aut voluptas a consequuntur esse. Omnis est aperiam ipsum itaque similique. Omnis id et eos accusamus aperiam aliquam et.',0,'2019-10-29 06:09:55','2020-10-19 04:55:05'),(147,47,47,'Nihil sint et cumque unde pariatur. Est delectus provident illum fuga inventore deleniti.',0,'2019-06-20 14:08:50','2020-04-20 16:50:42'),(148,48,48,'Veritatis qui ut voluptatem. Voluptatem molestiae ea praesentium corporis.\nId necessitatibus aliquam et. Quod omnis et ab sit laborum maxime. Porro velit minus eos eum.',0,'2017-05-01 02:22:34','2021-03-17 20:12:03'),(149,49,49,'Suscipit facere consequuntur laudantium rerum. Omnis eum eos qui libero. Debitis placeat natus perferendis eius. Aut dignissimos recusandae est corporis.',0,'2014-10-26 14:14:23','2020-09-07 07:43:20'),(150,50,50,'Omnis qui ut non corrupti. Reiciendis ipsa consequatur pariatur at aut qui eligendi. Architecto laboriosam labore id sint veniam. Velit aliquid est ea ut et.',0,'2017-11-17 09:42:23','2021-01-16 23:04:42'),(151,51,51,'Quibusdam aut corrupti non eos repellendus nisi ut harum. Ipsum exercitationem quis et et. Repellendus iste eum unde amet esse sit odio.',0,'2017-01-10 12:36:53','2020-12-27 03:55:34'),(152,52,52,'Voluptas natus fugiat nisi quia. Nemo excepturi rerum possimus natus suscipit.\nQuaerat doloribus minima beatae ut vitae doloribus eaque. Consequatur sed nostrum voluptas voluptatem et.',0,'2016-06-17 17:02:50','2020-08-03 06:14:33'),(153,53,53,'Nihil quo nisi unde dolor sequi atque. Adipisci quo veritatis sit est. Ea deleniti exercitationem explicabo ullam ut corrupti.\nQuidem et est aut saepe sunt cupiditate. Nulla vel et magni maiores.',1,'2014-12-03 12:07:11','2020-11-23 19:24:53'),(154,54,54,'Ratione occaecati doloremque aut eligendi consequatur quas ipsa. Quae sit consequatur nihil laborum quia tenetur. Voluptas est excepturi natus animi.',1,'2015-09-11 13:06:37','2020-05-21 01:57:00'),(155,55,55,'Iusto suscipit eveniet tempore consectetur facilis qui consequatur. Enim voluptatem aliquam molestiae qui id aut corporis inventore. Reprehenderit praesentium cum omnis.',1,'2013-11-18 04:29:15','2020-05-06 18:20:55'),(156,56,56,'Enim autem at molestias excepturi cupiditate. Sed dolorem nobis consequuntur omnis. Nisi eum dolor vel quidem quis dicta voluptatem.',0,'2019-05-11 09:02:53','2020-12-15 15:36:07'),(157,57,57,'Quibusdam aut voluptas modi id nesciunt. Voluptas quae et expedita incidunt. Est saepe illo aut quod blanditiis quaerat. Laboriosam sit voluptas corrupti ut adipisci quis.',1,'2012-10-05 19:26:55','2020-08-30 13:40:55'),(158,58,58,'Cupiditate voluptatem nihil ad est. Ut quis sunt dolorem. Placeat dignissimos accusamus eius quia voluptatum. Modi qui praesentium accusantium modi.',0,'2015-01-26 10:56:43','2021-03-31 02:28:25'),(159,59,59,'Ducimus ut quo culpa. Consequatur officiis nesciunt accusamus distinctio et ut. Dolorem perferendis facilis et quia sunt maiores aut.',0,'2019-09-22 14:35:02','2021-01-30 18:14:53'),(160,60,60,'Et perferendis quo nihil ut ex tempore sapiente est. Id eum odio rerum nihil ut quo. Deleniti molestiae qui non.',0,'2020-07-25 09:29:21','2021-02-08 09:20:15'),(161,61,61,'Consequatur non similique non doloribus rerum. Aliquam et id dignissimos reiciendis possimus. Sint error doloremque beatae sunt. Aliquid et fugit exercitationem ipsa.',0,'2018-04-03 05:43:26','2020-08-23 04:09:36'),(162,62,62,'Eius delectus assumenda illo ea iste. Velit et assumenda iusto harum nulla enim. Sint quia quia deserunt sit nemo perspiciatis eveniet minus. Minus sed eius odio perferendis nobis officiis.',0,'2020-02-21 22:11:37','2020-12-14 05:35:39'),(163,63,63,'Beatae sint voluptatem recusandae natus. Libero similique nemo adipisci quod tempora. Et aspernatur qui nisi delectus sint quas ratione.',1,'2011-06-18 21:36:39','2020-12-27 19:21:47'),(164,64,64,'Sint nulla repellat enim et aliquam cupiditate eveniet nam. Nesciunt aliquam molestiae et aperiam. Fuga ipsa quia rerum.',0,'2012-01-18 14:22:29','2020-06-15 23:11:58'),(165,65,65,'Exercitationem sit provident quo cupiditate libero. Et sed rem labore a nesciunt.',1,'2020-04-06 16:02:35','2020-05-11 22:43:52'),(166,66,66,'Eligendi recusandae nemo quis. Voluptatum in nihil doloremque qui est.\nEt deleniti neque nesciunt voluptatibus nostrum. Cumque exercitationem quia autem praesentium.',0,'2015-12-04 03:03:51','2020-04-11 07:52:54'),(167,67,67,'Voluptates libero minima et autem nesciunt. Quas consequatur rerum voluptatum esse nam est architecto. Nemo vitae ut saepe fugiat eligendi ut.',1,'2011-09-01 21:17:31','2020-08-02 15:59:50'),(168,68,68,'Molestiae saepe laborum facere vero repellat. Voluptas nostrum ea voluptatem qui. Nihil autem quia illum deleniti quia sit.',0,'2020-04-16 12:50:49','2020-09-23 11:21:03'),(169,69,69,'Harum autem repudiandae modi qui eius. Incidunt sit nam dolor corrupti eveniet sed temporibus.',1,'2013-09-27 10:09:52','2020-05-07 07:09:23'),(170,70,70,'Et inventore ea est ipsum facilis illo. Incidunt odit ipsam id incidunt quo sequi id ab. Odio et et quasi a quia vero ratione.',1,'2016-01-02 15:29:51','2020-10-30 00:50:14'),(171,71,71,'Ut rerum soluta pariatur quaerat. Minima rerum hic dolores doloribus et dolores. Ex dicta est velit dolorum aspernatur eveniet. Quas temporibus deserunt quia in tempora accusamus cupiditate.',1,'2017-06-27 17:16:50','2020-06-07 23:52:12'),(172,72,72,'Illo maxime officia autem. Dicta quia animi et et. Eum aspernatur inventore et placeat aut animi. Voluptas placeat doloremque delectus autem enim voluptatem accusamus voluptatem.',0,'2019-10-01 22:08:07','2020-07-09 18:57:23'),(173,73,73,'Aut impedit nihil saepe ut. Voluptas sint sit doloribus dolores saepe. Impedit est unde illum repellat nobis officia consequatur odio.',1,'2018-11-13 13:43:58','2020-10-07 01:24:05'),(174,74,74,'Vitae occaecati voluptas ratione quo eos voluptas. Ut fugit error architecto est possimus itaque. Doloremque sit veritatis optio eligendi eaque tenetur. Qui fuga ut non qui aut consectetur quia.',1,'2011-05-26 22:04:34','2020-04-25 15:06:47'),(175,75,75,'Exercitationem sunt qui minima ut itaque. Numquam aut ea id molestiae delectus necessitatibus eius nisi. Iure iure deserunt ducimus tempora qui.',0,'2018-07-22 15:21:03','2021-02-03 06:07:23'),(176,76,76,'Expedita quo aliquid repellat et neque animi non. Alias et voluptates sit dolorum sunt fugit aut. Ipsum aperiam doloribus dolor.',0,'2015-10-14 06:38:38','2020-10-11 09:35:41'),(177,77,77,'Eveniet consequuntur nesciunt sed optio qui. Veritatis sit reiciendis dolorem repudiandae.',1,'2019-07-24 04:52:33','2020-10-02 22:38:54'),(178,78,78,'Nam odio repudiandae nostrum quod. Eius aspernatur inventore impedit non. Id consequatur at est nisi rerum consequatur facilis.',0,'2020-05-30 22:15:16','2020-05-22 08:30:08'),(179,79,79,'Totam ex voluptatem est sequi optio. Alias molestias quis sed molestias. Veniam id et eveniet hic est modi.',1,'2014-08-20 20:47:54','2020-04-09 12:21:21'),(180,80,80,'Perferendis temporibus impedit eum porro vel. Et voluptatem quae ab enim et.',1,'2014-02-14 06:17:44','2020-06-07 19:27:10'),(181,81,81,'Hic vel perferendis hic quas quia sit voluptas. Velit rerum sunt quisquam assumenda veniam nemo quia. Sint quidem est expedita quasi cumque. Consectetur voluptatibus velit quibusdam ea ullam officia.',0,'2018-07-10 19:23:33','2021-03-21 00:53:10'),(182,82,82,'Magni eaque dolores error quibusdam numquam at tenetur dignissimos. Commodi blanditiis voluptatem sit. Et perferendis nihil cupiditate sequi molestias.',1,'2015-01-11 06:34:47','2020-06-07 16:42:04'),(183,83,83,'Cupiditate voluptates id vitae qui. Libero nobis similique omnis quis ea. Eveniet minima nemo aut delectus doloribus. Et quia rerum quis quia harum eum.',1,'2016-10-07 14:17:24','2021-01-29 03:08:40'),(184,84,84,'Cupiditate temporibus facilis fuga doloribus provident veritatis voluptas et. Quo sunt consequatur sed provident odio sunt ipsa. Et et fugiat ut consequatur. Minus ut distinctio ratione qui quod.',1,'2021-02-19 06:12:39','2020-10-12 06:33:01'),(185,85,85,'Aliquam voluptatibus nisi sequi quidem cum. Quidem odit est et et. A voluptatem nesciunt laborum explicabo dolor.',0,'2020-06-06 15:48:42','2021-02-18 08:30:11'),(186,86,86,'Et veniam nihil id exercitationem architecto recusandae. Et earum cumque aut esse possimus. Non beatae nobis aspernatur vitae illo voluptas laboriosam.',1,'2012-08-22 19:43:39','2020-12-01 06:06:39'),(187,87,87,'Et et accusamus expedita nisi numquam qui. Est eius accusamus laborum earum minus labore. Voluptatibus sint id tempore corporis dolores delectus perferendis.',0,'2015-07-10 03:30:58','2020-04-25 09:44:55'),(188,88,88,'Et ea ex nobis nostrum enim doloremque. Praesentium modi soluta eaque quidem ducimus. Rerum blanditiis ea rerum consequatur.\nAccusantium id illum rerum consectetur ut. Atque a nemo totam nulla et et.',1,'2015-10-28 07:27:31','2021-03-08 20:41:05'),(189,89,89,'Rerum est reprehenderit et et et. Ut vitae accusamus saepe quae quo deleniti voluptatem voluptates.',1,'2014-08-05 01:00:23','2020-07-30 03:35:01'),(190,90,90,'Et delectus sapiente nemo eum porro non aliquid. Esse corrupti sequi eaque quod ad. Eius necessitatibus voluptate quia provident sed ipsam architecto.',0,'2021-02-02 04:14:47','2020-04-04 13:33:44'),(191,91,91,'Esse atque iure et in minus eius. Quae facere similique deleniti commodi. Neque perspiciatis error quis enim esse tempore.',0,'2016-05-12 08:26:52','2020-04-13 09:14:07'),(192,92,92,'Qui quidem modi fuga quia repudiandae corporis ipsum. Ex reprehenderit reiciendis deleniti possimus dignissimos commodi. Officia architecto beatae minus et.',0,'2017-10-27 05:23:29','2020-04-11 22:49:12'),(193,93,93,'Dolorum laboriosam eos placeat possimus eaque laudantium. Quae consequatur ratione atque vel neque aspernatur. Aut ea ex nam deleniti aut animi repellendus.',1,'2013-08-26 07:19:35','2021-01-05 20:16:32'),(194,94,94,'Modi et perspiciatis et quia porro placeat aut numquam. Est delectus aut vel. Quis odit beatae quia aut ratione.',1,'2018-12-08 02:05:20','2021-03-30 19:08:19'),(195,95,95,'Molestiae rerum cupiditate qui et. Magni recusandae id sit illo nisi ea. Earum perspiciatis itaque dolorem rem sit. Aut quasi quo aspernatur saepe assumenda perferendis.',1,'2020-09-04 18:09:49','2020-11-10 20:39:48'),(196,96,96,'Neque placeat aperiam rem eveniet accusamus quod. Nisi inventore veritatis nesciunt maxime et est sed. Et fugiat veniam nihil quod rem recusandae. Debitis iste est rem fuga.',0,'2017-11-08 12:06:49','2020-11-28 16:10:25'),(197,97,97,'Maxime architecto nemo sequi suscipit accusamus. Expedita molestiae dolore voluptates eaque. Consequuntur molestias rerum cupiditate quo dolor sint veniam praesentium.',0,'2012-02-17 08:34:08','2020-06-14 18:35:15'),(198,98,98,'Aut aut qui officia optio nulla ipsa. Explicabo vero labore ut dolorum. Quibusdam non dolorem quia magni non facilis deleniti quasi.',0,'2015-07-09 19:27:07','2021-02-01 22:16:03'),(199,99,99,'Provident fugiat odit et et. Error dolorem amet ut earum distinctio nostrum. Aut nobis veniam dolorem aut est omnis quis qui. Molestiae vero perspiciatis dolorum quis aut voluptatem pariatur sit.',0,'2013-03-16 05:47:33','2020-06-11 02:15:09'),(200,100,100,'Sint sit quo occaecati maiores at impedit quam quis. Velit et impedit fugit ut.',1,'2017-03-01 14:35:20','2020-08-06 19:56:26'),(201,1,1,'Qui dolores quia est quia autem. Accusamus id ullam quis pariatur facilis dolorum. Aspernatur eum dolores est molestiae ratione voluptate ipsa.',0,'2018-08-12 14:58:08','2020-12-07 22:01:48'),(202,2,2,'Non soluta est in provident. Eum sed quibusdam nam omnis. Maiores sit asperiores excepturi facere totam inventore. Ex atque voluptatem magnam quae et similique magnam.',0,'2020-05-15 04:52:18','2020-06-15 09:07:59'),(203,3,3,'Unde quam sapiente nam incidunt voluptas est nesciunt. Iure eius quia repellat dignissimos ipsam et. Qui exercitationem facere tempora. Possimus tenetur veniam natus magni.',1,'2020-02-17 16:41:06','2020-12-13 08:15:57'),(204,4,4,'Corporis voluptates explicabo laboriosam impedit totam. Quaerat ducimus sequi id sapiente beatae. Ea eum qui aut laudantium dolores illo voluptatem. Laboriosam nam itaque eum quia voluptate.',1,'2014-10-16 08:55:18','2020-08-13 08:12:48'),(205,5,5,'Numquam laudantium deserunt voluptas officiis temporibus tempora praesentium. Est sed aliquam architecto voluptatem ad rerum ea neque. Natus odit qui ratione vero.',1,'2019-06-27 14:06:15','2020-04-29 06:56:57'),(206,6,6,'Adipisci distinctio magnam voluptatem. Incidunt et tempore non reiciendis est optio est fugit. Tenetur ratione autem harum nemo iusto.',0,'2017-12-15 21:59:24','2021-03-17 16:05:51'),(207,7,7,'Quia quasi suscipit quam rem. Eos quaerat facilis architecto dolorem autem odit ut consequatur. Voluptatem eligendi sed accusamus dolorum qui. Quia vitae ipsam et est exercitationem.',1,'2015-09-24 13:08:56','2020-10-29 16:05:04'),(208,8,8,'Et aut distinctio ut omnis non impedit culpa. Repellendus quia iure dignissimos et omnis error excepturi eaque. Quam maxime beatae molestiae aperiam sit reiciendis natus.',0,'2016-07-18 05:28:39','2021-03-19 22:21:25'),(209,9,9,'Voluptatibus eligendi voluptates sint quis aut quia. Eum qui dolorem itaque perspiciatis quae commodi. Aperiam laboriosam corrupti voluptas ab ipsam. Laboriosam neque nihil voluptates quis.',0,'2013-09-23 15:12:52','2021-01-12 15:48:31'),(210,10,10,'Aspernatur et dolorem tenetur quas praesentium. Nemo eum laborum officia explicabo voluptatem. Debitis fugit praesentium temporibus dolore porro vel magni omnis. Enim officiis ut possimus cum.',1,'2016-04-09 20:57:16','2020-08-10 05:58:47'),(211,11,11,'Nisi cumque quod ut vitae iure laudantium. Autem cupiditate nisi totam tenetur saepe omnis eos. Quas mollitia earum et mollitia quo. Necessitatibus qui neque laboriosam vel sunt.',0,'2011-04-18 17:10:10','2021-02-23 07:02:15'),(212,12,12,'Nostrum non modi illo voluptates autem dolore minus. Placeat minima enim veniam omnis architecto. Ut labore excepturi sed non similique libero. Nam eius dignissimos dolore at.',0,'2014-04-12 14:03:00','2020-11-04 10:36:05'),(213,13,13,'Placeat facilis aliquid perspiciatis. Minus ut a non sed dicta laborum a. Qui ut aut eaque qui.',1,'2018-01-11 23:37:34','2020-05-28 11:04:13'),(214,14,14,'Autem doloribus neque quasi modi. Rerum ut excepturi placeat fugiat. A ratione vitae adipisci suscipit eos harum voluptate incidunt. Enim fuga doloremque vel odit voluptatum.',1,'2011-06-24 05:26:28','2020-12-11 20:03:15'),(215,15,15,'Cupiditate ut et sed. Repellendus cumque non repudiandae eos quo voluptates necessitatibus. Dolor porro et sunt.',0,'2011-08-15 08:36:35','2020-05-19 01:52:21'),(216,16,16,'Nulla inventore voluptas debitis qui quod est sed et. Est voluptas eum earum non incidunt. Ut neque sed sed blanditiis nihil natus sunt aut. Iusto in ea sed.',1,'2015-10-22 15:46:10','2021-01-08 08:39:11'),(217,17,17,'Voluptatem iusto cupiditate hic sunt. Temporibus quis voluptas eum odit qui maiores.',1,'2015-09-26 17:50:16','2020-06-23 03:15:00'),(218,18,18,'Suscipit odit et aut laboriosam nesciunt ducimus quis commodi. Maxime aut sit excepturi ipsum vero dolores iusto.',1,'2013-05-05 20:13:36','2021-02-26 10:27:52'),(219,19,19,'Laudantium et aut quam vel voluptas eos placeat et. Similique velit ipsum molestias nihil ipsum et. Voluptas excepturi sit nihil aliquam doloribus est itaque.',0,'2012-03-01 19:07:48','2020-10-29 16:31:12'),(220,20,20,'Doloremque exercitationem et rem architecto et. Aut rerum sed ipsa quaerat fugit assumenda rerum. Sed perspiciatis qui sunt qui soluta deserunt.',0,'2020-08-21 03:11:30','2020-09-25 21:52:08'),(221,21,21,'Vero maiores optio fugiat dolor quisquam unde. Consequatur eligendi quas ipsam odit ullam ad. Aperiam rerum ad repudiandae et amet dolorum possimus. Cupiditate praesentium libero vitae id.',0,'2016-02-15 11:13:33','2021-03-01 03:18:04'),(222,22,22,'Rerum veritatis ut vero nulla doloribus. Rerum quasi aut est ratione. Velit ut dolores consequatur nam. Autem et saepe beatae sed labore qui.',1,'2015-05-10 05:37:49','2020-08-13 12:16:04'),(223,23,23,'Placeat vel maxime quam ut iusto laudantium. Porro unde alias dolor quia. Distinctio qui magni quos perferendis. Et ab dolore enim delectus.',0,'2011-05-28 04:42:47','2020-12-28 02:14:46'),(224,24,24,'Impedit reiciendis saepe in dolorem corrupti et. Quasi facilis voluptates delectus consequatur. Aut expedita dolores ea ipsam. Non consequatur ea sequi quos nihil.',0,'2017-07-21 04:09:45','2020-04-19 10:06:39'),(225,25,25,'Illum porro dolor voluptatem omnis. Sed occaecati incidunt non id. Ratione repudiandae qui quis alias. Quo aut numquam nihil quisquam corrupti est.',1,'2017-09-22 11:49:49','2020-11-23 20:48:10'),(226,26,26,'Mollitia consequatur velit recusandae. Eligendi architecto inventore eos fugit minima dolorum nihil cum.',1,'2015-04-12 09:58:11','2020-04-04 09:42:17'),(227,27,27,'Voluptas corrupti maiores atque natus veniam aut. Similique odit vel eaque dignissimos illo. Voluptates tempora et eum. Libero sit provident et asperiores perferendis autem.',1,'2011-07-24 00:38:04','2020-12-05 13:28:32'),(228,28,28,'Qui et deleniti dolor est laudantium. Sunt molestias voluptas voluptatibus saepe nulla explicabo. Dolorum soluta veritatis ipsum sunt est nihil reiciendis.',0,'2019-06-25 13:30:26','2020-12-19 22:43:34'),(229,29,29,'Porro aut ab eveniet veritatis ipsa et. Impedit eos non rerum. Labore voluptatibus sint et odio voluptas vel quia.',0,'2017-08-12 21:17:25','2020-07-29 15:20:16'),(230,30,30,'Expedita ullam placeat consequuntur rerum aperiam minus. Accusantium nobis debitis eius labore. Nesciunt dolorum maxime sunt. Quae quia et quisquam non est error.',1,'2016-08-05 20:21:51','2020-12-29 18:07:39'),(231,31,31,'Delectus consequuntur sapiente minima sit est. Quam asperiores voluptas in. Porro unde impedit velit ea laudantium. Ut delectus quisquam nesciunt nesciunt.',0,'2011-09-17 12:38:27','2020-05-17 11:14:06'),(232,32,32,'Assumenda laborum rerum aut ut. Quas porro incidunt consequuntur praesentium non. Dolores magnam in aut in rerum nam est.',0,'2015-06-03 18:37:07','2020-09-14 08:08:27'),(233,33,33,'Ut sequi est et sint. Soluta dolorem sequi sed enim omnis accusamus aut. Exercitationem saepe qui dolorem quae rem rerum. Enim dolorum maxime consequatur voluptas at consequatur tempore.',0,'2017-07-14 08:53:28','2020-08-03 13:02:36'),(234,34,34,'Repellat incidunt voluptatem minima magni officia ut est. Asperiores voluptas quasi saepe. Ducimus qui et et iste est perferendis ipsa. Ut quasi explicabo ab eum.',1,'2013-01-25 11:54:19','2021-01-15 13:18:29'),(235,35,35,'Ratione a sit tempore deleniti dignissimos. Rem ea ut cupiditate eum. Et ut eligendi ad eligendi architecto.',0,'2011-10-22 06:10:39','2021-01-03 13:09:01'),(236,36,36,'Illo reiciendis voluptate officia autem rerum aperiam. Quis quae ipsa non earum. Veritatis itaque esse ratione commodi voluptas. Fugiat quod facilis sed eum soluta dolores quo.',1,'2015-07-28 12:43:58','2020-07-18 21:40:01'),(237,37,37,'Laboriosam modi dolores et natus autem. Dicta explicabo aut ullam. Voluptate voluptas eligendi enim sequi.',1,'2014-04-17 01:52:21','2020-07-19 00:45:49'),(238,38,38,'Itaque suscipit pariatur et blanditiis consectetur. Repellendus doloribus doloremque recusandae consequatur culpa cumque. Adipisci et adipisci quo quo quia aperiam quo eligendi.',1,'2012-11-03 02:01:56','2020-09-04 09:15:24'),(239,39,39,'Perferendis doloremque sapiente deleniti et aperiam hic. Quibusdam laborum quia dolorem nulla ut. Accusantium voluptatem optio et repudiandae voluptatibus.',1,'2018-10-25 12:11:48','2020-04-09 07:47:54'),(240,40,40,'Perspiciatis ut ut aut consectetur modi. Consequatur totam praesentium ullam totam eos. Tenetur cumque eum similique facere quo veniam. Ut vel est praesentium et et est.',0,'2013-02-14 10:53:32','2020-05-21 08:27:17'),(241,41,41,'Ex error voluptas temporibus ut vero. Totam totam eos nihil. Numquam inventore maxime ut maxime suscipit voluptate.',1,'2018-08-11 03:26:12','2020-10-25 09:59:48'),(242,42,42,'Enim ab facere non possimus quisquam eos. Ducimus corrupti sequi qui libero et. Et non accusantium non necessitatibus.',0,'2014-05-04 05:06:27','2020-11-01 14:58:59'),(243,43,43,'Sit nisi omnis amet magnam. Consequatur minus quo et tempora blanditiis. Ex commodi quod ut aut expedita id ex.',1,'2013-07-07 14:18:32','2021-01-03 06:28:14'),(244,44,44,'Officiis blanditiis doloremque in tempora expedita. Doloremque ad nostrum assumenda maiores. Dolor recusandae qui maxime et odio voluptatum perspiciatis.',0,'2012-06-06 15:54:19','2021-03-21 03:08:28'),(245,45,45,'Quo recusandae aut distinctio dolore vero odit. Qui distinctio suscipit voluptas iste iusto et. Sapiente cum veritatis animi dolor quia quam eos.',1,'2016-01-04 09:03:35','2020-11-14 13:28:29'),(246,46,46,'Iure molestiae cupiditate officiis assumenda rerum quod voluptatem. Dolor qui voluptas explicabo provident qui rem. Aut id laboriosam in est.',0,'2015-03-12 01:49:05','2020-09-02 18:22:31'),(247,47,47,'Neque consequatur dolores amet. Assumenda ut officia et quis et autem. Est atque voluptates non. Qui natus ut sit sed vero et maiores.',0,'2013-11-14 10:39:38','2020-10-04 15:39:27'),(248,48,48,'Omnis rem accusamus ut et et. Et dolor soluta et ut. Quidem excepturi officia est repudiandae rem quae.',0,'2020-05-14 09:41:55','2021-01-27 09:41:54'),(249,49,49,'Saepe similique ea asperiores facere. Consequuntur eum error sit consectetur incidunt qui. Voluptas quia ut soluta eius aliquid.',0,'2014-08-24 04:46:45','2020-12-03 00:08:35'),(250,50,50,'Pariatur eius aut corporis eveniet ipsam non minima. Aut ex et quam ut molestias sint atque et. Nobis vitae voluptatem vel quia natus. Ut sint quibusdam quo unde aut mollitia repellat.',0,'2014-12-28 05:28:03','2020-04-04 03:28:31'),(251,51,51,'Vel repudiandae ipsam sequi facilis impedit animi voluptas. In placeat nulla nulla numquam totam debitis qui. Tenetur et rerum enim aperiam sit.',1,'2013-09-05 10:22:13','2021-01-14 19:52:06'),(252,52,52,'A deleniti qui fuga perspiciatis ullam. Culpa et fugit neque amet ipsam quas. Quod aliquid rerum quia est sit.',1,'2016-08-20 14:39:59','2020-11-13 16:33:22'),(253,53,53,'Quos exercitationem voluptas molestiae debitis corrupti dolores. Nobis sit blanditiis quo nobis dolor accusantium.',0,'2019-11-15 22:46:08','2020-12-17 17:44:25'),(254,54,54,'Nostrum pariatur similique vitae ea. Asperiores vel animi rerum perferendis voluptatum.',0,'2018-03-21 13:19:06','2021-03-07 06:30:14'),(255,55,55,'Enim voluptatem voluptas quo illum vel. Reprehenderit error temporibus repudiandae ea hic voluptas. Eos aut nihil omnis eveniet quis sunt ut qui.',0,'2017-12-16 19:49:22','2020-10-06 02:49:29'),(256,56,56,'Aperiam ut exercitationem qui sint sed et. Mollitia rerum et rerum rerum. Odio et nisi omnis beatae.',1,'2020-12-01 15:13:10','2021-02-09 11:05:22'),(257,57,57,'Aut dolorum rerum sed. Hic totam pariatur porro ut. Corrupti odit quia nobis. Quam possimus nihil autem labore sunt rem optio quaerat.',1,'2018-04-13 04:51:17','2021-03-13 13:04:08'),(258,58,58,'Consequatur dicta fugit possimus consectetur. Iste maxime a esse unde enim ut.',0,'2017-07-05 01:15:48','2020-06-18 05:04:11'),(259,59,59,'Sunt perferendis vitae ratione est nesciunt. Earum ipsam odio quas nisi iure dicta. Nisi dolor ea vel voluptatem delectus eum. Et omnis est natus sed.',1,'2011-04-16 17:48:17','2020-07-25 21:28:48'),(260,60,60,'Et eos voluptatibus magnam nostrum dolores. Eligendi et et officiis. Distinctio corporis eum laboriosam.',1,'2016-09-17 05:49:19','2020-05-18 09:25:05'),(261,61,61,'Temporibus perferendis eius velit ipsam. Magni ea velit quasi quibusdam. Nulla magni sit officia harum quis iure molestias maxime. Aut praesentium quod qui nisi ut repudiandae harum voluptatibus.',0,'2012-02-01 13:13:12','2020-04-30 15:46:35'),(262,62,62,'Et voluptatem tempore qui asperiores ipsa. At qui excepturi fugiat enim dolores fugiat. Quam eius porro optio dolores delectus ut voluptates et.',0,'2011-06-25 20:01:55','2020-09-30 00:19:16'),(263,63,63,'Et sed harum beatae. Non reiciendis incidunt beatae et est occaecati. Beatae esse ut quas iste ut vel reiciendis.',0,'2018-09-05 13:08:26','2020-09-17 12:33:35'),(264,64,64,'Non illo repellendus ut sint sunt. Ipsa qui architecto consectetur et commodi alias expedita. Nam totam illo dolore rerum incidunt.',0,'2017-04-28 16:32:22','2020-12-14 16:57:13'),(265,65,65,'Sunt dolorem sit consequatur voluptatem velit. Nihil eum odio voluptas voluptas voluptatem laudantium. Qui quia quis ut. Qui aut aliquid dolore maxime.',0,'2020-10-08 09:23:45','2020-06-20 02:38:54'),(266,66,66,'Molestias et dolor ut quas unde. Perferendis eos cupiditate officiis enim porro rerum ipsum. Ex aut aliquid voluptatum maxime.',0,'2013-09-15 18:11:27','2020-06-05 12:08:31'),(267,67,67,'Veritatis officia vel praesentium perferendis laudantium. Velit repellendus at cum odit. Quo a explicabo veritatis praesentium nemo.',1,'2020-05-23 11:24:23','2020-09-07 14:47:24'),(268,68,68,'Eveniet dolore maxime expedita autem. Sed soluta dolores doloribus quasi nulla. Velit voluptas doloribus dignissimos quo est. Incidunt voluptatem enim qui dolor recusandae recusandae.',0,'2014-06-12 15:39:09','2021-03-08 21:50:54'),(269,69,69,'Ab amet vero aut consequatur consequuntur officiis modi. Consequatur impedit animi voluptatem sint eum. Modi quae minima occaecati vero ea.',0,'2019-04-18 07:04:31','2020-11-11 13:12:18'),(270,70,70,'Quo et ut fugit magnam quisquam. Nisi quisquam est et eum ut. Provident et praesentium et ratione.',0,'2015-08-16 10:43:16','2020-09-14 11:30:21'),(271,71,71,'Aut voluptatum voluptas dolore suscipit nesciunt. Ut hic culpa ipsum eum. Tempore ut odio qui doloribus odit in.',0,'2017-04-19 15:55:08','2020-04-24 16:42:32'),(272,72,72,'Earum nihil similique est. Voluptate et perferendis debitis iste ad culpa rerum. Qui aspernatur nesciunt et dolorem est delectus quae.',1,'2016-10-20 16:07:34','2020-06-09 14:38:03'),(273,73,73,'Maiores ipsum officia necessitatibus inventore aut eligendi. Nulla perspiciatis itaque non et non. Assumenda aut voluptatum vitae nihil error placeat. Possimus est enim officiis molestias.',1,'2014-02-25 15:44:49','2021-02-27 14:19:40'),(274,74,74,'Eius nam adipisci labore nulla id hic reprehenderit natus. Fugiat aspernatur quidem beatae vel enim.',0,'2018-12-04 18:46:07','2021-01-07 17:06:09'),(275,75,75,'Et inventore voluptatibus nobis ea. Nemo quia quidem ipsam rerum sequi. Ullam eligendi qui autem illum ipsum laudantium. Error sed porro suscipit.',1,'2015-05-17 01:50:15','2020-08-09 14:20:45'),(276,76,76,'Consequuntur maiores labore alias ullam nam temporibus numquam. Non ab dignissimos fugit quos. Et architecto quos sit error hic rerum. Ipsa similique corrupti ut reiciendis rerum.',1,'2013-05-01 17:01:05','2020-07-09 18:00:31'),(277,77,77,'Accusamus odit ut perferendis esse ea ut. Aut commodi non libero. Consectetur qui ipsum voluptatem unde at iste nihil.',1,'2017-07-25 11:01:32','2020-11-16 15:57:23'),(278,78,78,'Cum excepturi laboriosam nulla veritatis quisquam hic natus. Sunt excepturi animi et eos tenetur. Qui et rem rerum quia.',1,'2020-07-20 20:25:14','2020-06-20 13:18:26'),(279,79,79,'Aut eius excepturi explicabo magnam consequatur. Velit modi libero nam molestiae tempore voluptatibus ratione nesciunt. Et nesciunt eos sapiente doloremque at. Quasi voluptates a recusandae odit qui.',0,'2011-10-11 15:25:22','2020-10-27 04:02:11'),(280,80,80,'Tenetur culpa non non ipsa odio sed. Quisquam nobis quibusdam distinctio fuga. Molestias repellat et dolore optio necessitatibus dignissimos qui. Doloremque tempora qui magni sequi.',1,'2013-10-12 10:41:23','2020-11-04 20:06:11'),(281,81,81,'Itaque ea neque autem sit quisquam sint quasi. Pariatur officia accusamus eos illum illum officiis tenetur repudiandae.',0,'2013-08-04 03:58:22','2020-05-26 05:42:39'),(282,82,82,'Sed repudiandae dolor est ut voluptate libero. Aut totam consequatur veritatis sit quidem aperiam praesentium quasi. Non fugit iusto dolorem eum voluptas rerum. Tempore ut id in laborum in.',0,'2018-12-08 09:17:41','2020-05-24 01:02:48'),(283,83,83,'Est est autem enim suscipit. Autem sit dolorem consequatur recusandae deleniti vitae cum.',1,'2019-03-05 09:30:17','2020-12-27 01:03:53'),(284,84,84,'Esse eveniet et illum tempora perspiciatis eius et. Magnam atque voluptatem et. Culpa ea expedita non exercitationem debitis minus. Rem dolorem et veritatis dignissimos hic.',1,'2020-08-11 12:15:00','2020-07-22 17:18:15'),(285,85,85,'Consequatur consequatur ea culpa. In sint beatae qui est rerum odio. Quidem nam culpa et accusamus voluptatum quae. Dolore nobis minima assumenda aliquam sint odio maiores.',0,'2020-01-17 02:55:55','2020-12-13 15:51:56'),(286,86,86,'Est tempora dolores nihil. Tempore quaerat occaecati dolorem cum consequatur. Error sint debitis consectetur harum qui dolorum.',0,'2016-06-22 08:42:27','2020-04-08 12:27:35'),(287,87,87,'Odit voluptates voluptas laborum ipsum. Aliquid ut qui quod amet minima veritatis. Saepe voluptatem dolorum voluptatum quis.',1,'2014-08-08 02:32:50','2020-06-22 16:21:14'),(288,88,88,'Sit dolorem perspiciatis minima temporibus. Voluptatum adipisci sunt sint odio est quia. Nisi eveniet mollitia dolorem et qui non. Qui minima quia debitis est blanditiis unde nihil.',0,'2013-11-12 09:10:07','2020-08-18 04:48:24'),(289,89,89,'Quo facilis est repellat animi harum earum labore. Quibusdam blanditiis ratione est qui consectetur. Voluptatibus minima molestias est eius.',0,'2017-03-12 02:10:57','2020-07-16 13:24:44'),(290,90,90,'Veniam tenetur sed ut sed maiores et. Hic qui est voluptas vel. Ut mollitia sunt quo labore. Sint nihil similique rerum qui quia.',0,'2012-08-24 11:00:46','2020-08-06 04:10:44'),(291,91,91,'Deleniti temporibus quos id dicta similique earum. Exercitationem molestiae et aut et nesciunt voluptate exercitationem. Adipisci repudiandae molestiae perferendis sunt ut.',0,'2018-12-19 01:20:44','2020-10-30 20:35:49'),(292,92,92,'Veniam necessitatibus nobis sed libero maxime voluptates ad. Voluptate tempora id accusantium aut accusantium. Aspernatur sit iste architecto et fugit et molestiae. Rerum suscipit et rerum qui.',0,'2015-09-16 12:36:33','2020-08-21 00:13:16'),(293,93,93,'Labore aliquid officiis provident non dignissimos ut. Iusto voluptatum dolores earum iusto. Placeat culpa voluptatibus voluptas aliquam.',1,'2016-03-29 13:51:10','2020-06-26 15:29:32'),(294,94,94,'Quo qui blanditiis voluptatem ducimus quis sed. Omnis asperiores aspernatur neque voluptatem sint earum ut. Impedit ipsa maxime dicta sed.',0,'2012-07-14 17:03:52','2020-11-26 02:21:26'),(295,95,95,'In magni et possimus recusandae magnam minima. Porro consectetur unde excepturi vel. Et cumque enim consequatur fuga laudantium qui.',1,'2012-01-04 13:44:00','2020-08-23 14:45:30'),(296,96,96,'Nostrum soluta vero omnis optio. Eligendi placeat minus qui dolores nesciunt est ut labore. Sapiente nemo quo at et hic repudiandae nemo commodi.',1,'2012-10-15 18:22:55','2021-01-06 09:10:09'),(297,97,97,'Nulla facere labore molestiae ex veritatis impedit eligendi. Qui ab autem consequatur. Nobis eius adipisci ullam eveniet reprehenderit incidunt.',1,'2017-05-17 08:19:56','2020-12-28 12:55:05'),(298,98,98,'Dolorum fugit harum ipsa repellat. Non tempore ad totam quibusdam sed. Sunt laudantium animi sit nihil quisquam tenetur. Hic veritatis eum tempora quisquam et.',0,'2014-07-07 13:21:30','2020-05-04 19:12:16'),(299,99,99,'Sed aut rem consequatur a architecto debitis. Rem repudiandae eum molestiae earum. Optio fuga earum aperiam architecto sed omnis sequi vel.',1,'2014-01-22 09:14:50','2020-04-12 20:53:55'),(300,100,100,'Doloribus repudiandae et quod tenetur sint. Qui repellat perferendis sint rerum. Sint rerum est cupiditate molestias iusto neque vel enim. Commodi eius ut dolor a ea.',0,'2017-02-03 10:39:49','2020-06-25 00:23:57');
/*!40000 ALTER TABLE `messages` ENABLE KEYS */;
UNLOCK TABLES;

--
-- Table structure for table `posts`
--

DROP TABLE IF EXISTS `posts`;
/*!40101 SET @saved_cs_client     = @@character_set_client */;
/*!50503 SET character_set_client = utf8mb4 */;
CREATE TABLE `posts` (
  `id` bigint unsigned NOT NULL AUTO_INCREMENT,
  `user_id` bigint unsigned NOT NULL,
  `txt` text CHARACTER SET utf8mb4 COLLATE utf8mb4_unicode_ci NOT NULL,
  `created_at` datetime DEFAULT CURRENT_TIMESTAMP,
  `updated_at` datetime DEFAULT NULL ON UPDATE CURRENT_TIMESTAMP,
  PRIMARY KEY (`id`),
  KEY `user_idx` (`user_id`),
  CONSTRAINT `user_posts_fk` FOREIGN KEY (`user_id`) REFERENCES `users` (`id`)
) ENGINE=InnoDB AUTO_INCREMENT=101 DEFAULT CHARSET=utf8mb4 COLLATE=utf8mb4_unicode_ci;
/*!40101 SET character_set_client = @saved_cs_client */;

--
-- Dumping data for table `posts`
--

LOCK TABLES `posts` WRITE;
/*!40000 ALTER TABLE `posts` DISABLE KEYS */;
INSERT INTO `posts` VALUES (1,1,'Enim optio dignissimos sed rem nihil omnis ullam. Officiis dolor harum illum consequuntur repudiandae magni. Incidunt perspiciatis ipsum non odio qui dolore. Eos a et quo labore qui magni nulla id.','2020-07-16 07:02:38','2020-04-16 13:33:21'),(2,2,'Sed tempore repellat corrupti fugit eum molestias error. A et sunt cupiditate laborum esse est sint fugit. Sequi ratione sed voluptate sed. Nihil maxime labore ullam porro quasi vitae.','2017-09-18 00:51:58','2020-06-11 06:14:05'),(3,3,'Impedit perspiciatis aut aut fuga nobis. Sed dolores iusto consequatur quia non doloribus eum. Qui in molestias veniam et aut.','2021-01-04 14:35:32','2020-06-07 06:27:42'),(4,4,'Est autem non rerum consequatur minus. Ipsum voluptate ipsa ducimus voluptatem quia tenetur. Qui non sed rem et enim.','2018-03-27 04:07:32','2020-12-02 09:12:34'),(5,5,'Ipsam porro nam neque qui in reprehenderit. Id suscipit molestiae enim cupiditate saepe neque. Voluptatibus ut fuga commodi et ipsa nihil ut.','2014-05-13 10:40:14','2020-04-06 18:26:01'),(6,6,'Consequatur tempore ut numquam distinctio dolores sed. Saepe perferendis molestiae doloremque nulla magnam. Esse eius voluptatem expedita reprehenderit voluptas qui. Est mollitia officia odit quo.','2018-10-07 13:05:18','2021-01-31 05:27:40'),(7,7,'Sint distinctio sunt et dolores velit. Possimus asperiores eum et deserunt repudiandae. Minus voluptatem iste cupiditate eius eos. Quo voluptatum necessitatibus fugiat pariatur id possimus iste.','2015-04-11 14:24:38','2020-08-25 02:10:01'),(8,8,'Qui nobis nobis qui reprehenderit. Sunt qui reiciendis qui autem quia cumque. Numquam aut possimus rem.','2016-09-18 17:10:56','2020-12-23 20:59:06'),(9,9,'Et rerum inventore quia porro consequatur. Id perferendis dolorem cupiditate tempore non sunt. Laudantium nulla quia vel eaque laborum.','2012-02-23 21:58:11','2020-05-19 05:32:32'),(10,10,'Nihil a ipsum iure et. Officiis dolores ullam inventore et iure ut. Minus qui reiciendis sit ea repellat. Officia soluta rerum et explicabo.','2014-04-14 20:20:52','2020-07-09 14:28:00'),(11,11,'Consequuntur eum labore numquam omnis. Rerum inventore aspernatur quia. Sed praesentium molestiae dignissimos aperiam voluptas.','2015-06-29 16:43:48','2020-07-12 07:17:34'),(12,12,'Aut sed quia et eum itaque dolores minima. Tempore voluptatem iste praesentium harum non.','2013-11-08 14:39:11','2021-03-15 05:34:12'),(13,13,'Eos iste iusto officia sequi. Nihil ea voluptatem aspernatur explicabo vel. Iure voluptatem laborum harum dicta aliquam. Quisquam eum molestias et animi sed nisi molestias.','2018-11-28 15:56:52','2020-04-27 01:23:42'),(14,14,'Ab dolor nam fugiat iste officia sint sint. Numquam sint dignissimos voluptate. Quisquam qui repellat deserunt nihil quod consequatur. Est quam sapiente sint et.','2021-03-06 22:38:38','2021-02-12 23:36:50'),(15,15,'Corrupti qui quia minima doloribus nobis excepturi. Quis blanditiis quod dolores consequatur. Error optio molestiae optio et quia provident reiciendis.','2020-04-29 18:40:20','2020-10-05 18:01:26'),(16,16,'Asperiores quo vero odio recusandae aut neque. Iure qui eius voluptatem blanditiis est optio. Ipsum magnam sed est ut dolores. Autem occaecati rerum distinctio sit ut voluptas aperiam voluptate.','2019-04-14 20:07:45','2020-08-17 01:38:48'),(17,17,'Porro aut et id cupiditate. Labore quis voluptas numquam repellendus maxime et quas. Hic dolor qui unde provident maxime. Veritatis explicabo eos nesciunt.','2011-10-12 10:40:55','2020-09-13 13:38:52'),(18,18,'Accusamus quam sequi voluptas. Perferendis illum ipsum voluptatem est.','2019-07-20 11:25:01','2020-11-18 18:28:44'),(19,19,'Autem in ducimus impedit voluptatibus veniam voluptas. Et hic id minus et similique necessitatibus. Omnis molestiae natus eaque.','2016-12-14 14:36:58','2021-03-22 11:42:47'),(20,20,'Velit et est rem voluptatem sunt iure. Beatae eaque ut quaerat quia in enim minus. Suscipit reprehenderit hic nisi nostrum. Amet sed voluptatem sunt culpa cupiditate et.','2015-12-28 17:34:33','2021-01-28 15:23:23'),(21,21,'In et alias modi debitis sed laudantium. Temporibus rem non non magnam. Modi non labore eum quaerat aut esse.','2016-09-29 19:40:32','2021-02-21 11:37:49'),(22,22,'Inventore atque hic accusantium minus. Ut ut voluptas ipsum quas voluptate ut sint.','2019-11-09 19:53:45','2020-08-17 20:40:16'),(23,23,'Odio nostrum vero beatae tempora qui neque. Iusto laudantium dolorum et quae. Voluptas architecto sed sed deleniti cupiditate.','2013-07-02 23:14:50','2020-08-09 21:22:51'),(24,24,'Placeat ad esse perspiciatis ut. Voluptatibus placeat alias sit. Est reprehenderit aut earum aut ut eos repudiandae.','2012-03-19 08:07:35','2020-10-21 12:09:20'),(25,25,'Nobis debitis maxime eos qui eligendi. Ad itaque nemo incidunt ipsa blanditiis itaque. Perferendis inventore in aut est sunt. Delectus pariatur cum dolore quo molestias.','2018-08-24 04:00:11','2020-05-23 20:00:11'),(26,26,'Quas nulla enim provident omnis sint quae doloribus. Non consequatur tenetur ut.','2020-05-03 17:15:15','2020-10-14 08:56:01'),(27,27,'Culpa repellat ab qui neque. Ipsam eligendi qui blanditiis non id qui non. Sint qui adipisci a aut voluptatum. Voluptates dolorem dignissimos esse id corrupti voluptatem.','2012-12-19 07:21:16','2021-01-12 21:40:20'),(28,28,'Consequatur atque ad possimus deleniti. Excepturi unde veniam quae explicabo repellat. Maiores quis iusto sit fuga ea inventore maiores. Quos vel est sit cumque quam mollitia.','2021-01-26 18:45:29','2020-10-10 13:46:30'),(29,29,'Recusandae commodi fuga cumque. Quia eveniet reprehenderit placeat pariatur cupiditate qui. Ipsum ex at eos aperiam saepe vel facilis.','2020-09-05 11:39:04','2021-03-28 23:12:18'),(30,30,'Et reprehenderit ad non quasi mollitia quia nemo. Ipsam aut eveniet optio recusandae modi perferendis. Rerum accusamus et vitae necessitatibus.','2011-08-16 03:39:25','2020-11-29 21:06:07'),(31,31,'Et debitis aut voluptas similique animi. Qui eligendi rerum aut culpa aut dolorum eaque. Animi voluptatem consectetur officiis. Laboriosam eveniet eos est dolores est.','2013-10-29 00:24:38','2020-05-15 10:03:34'),(32,32,'Dolores eos et ipsa deleniti architecto numquam sit dolor. Perferendis id aliquid rerum amet at modi ullam dolorum. Porro quaerat possimus quasi. Dolorem nobis voluptatum ipsa voluptas.','2016-02-20 00:01:17','2021-01-13 05:49:17'),(33,33,'Quaerat nemo atque maxime. Tempore at doloremque aut. Fugit doloremque est deserunt atque quod. Dolores voluptate voluptatum ut tenetur quam impedit.','2016-01-11 13:27:20','2021-03-13 07:10:10'),(34,34,'Hic qui voluptatem odio recusandae. Quia quam omnis quia consequatur officiis cum. Incidunt vero vitae officia. Cupiditate commodi qui tempore corporis impedit quam voluptatibus cum.','2011-09-26 16:49:53','2021-02-22 09:38:45'),(35,35,'Voluptates rerum in accusamus culpa temporibus. Non rem magnam odio odit non sit odit. Molestiae impedit et esse dolorem quo autem.','2019-07-01 23:44:40','2020-06-13 22:33:30'),(36,36,'Rerum debitis atque provident aut est autem quas. Consequatur esse veritatis quam facere. Ducimus expedita aut vel ex omnis sequi quia.','2015-11-03 07:09:19','2020-11-17 09:25:37'),(37,37,'Quo consequatur ut quae voluptate ut nihil quia. Omnis quibusdam sed dolor est autem atque quis. Dolorum distinctio iure qui. Veritatis quo aut totam vel magnam perspiciatis.','2017-03-05 15:17:28','2020-09-06 09:25:18'),(38,38,'Nostrum consequatur quasi voluptatum neque qui occaecati. Impedit iure ullam debitis iusto nemo fuga. Ex aut labore non dolores et perferendis culpa.','2018-05-09 13:01:43','2021-02-24 06:57:05'),(39,39,'Aliquid sint ea eius libero praesentium id ullam aliquam. Laborum est commodi illo perferendis. Illo maiores quia ullam quidem iusto et.','2013-07-13 06:44:04','2020-07-23 10:47:19'),(40,40,'Odit doloribus qui in vero nesciunt. Exercitationem eaque est incidunt in. Alias nesciunt quia deserunt dignissimos maxime.','2019-06-06 20:12:24','2020-10-28 08:40:38'),(41,41,'Iure autem et sit dignissimos. Amet delectus exercitationem modi hic ut rerum. Pariatur temporibus veniam sint cum alias et iure.','2020-08-24 07:25:06','2020-08-28 03:29:26'),(42,42,'Laboriosam labore ea dolore aut incidunt. Qui sed eos praesentium officiis doloremque et. Doloremque non eveniet cum at.','2014-02-28 07:17:21','2020-10-09 06:57:52'),(43,43,'Vero sint doloremque vero porro aliquam vero tenetur. Provident sed sit est ut officiis et.','2013-10-10 19:49:12','2020-05-27 09:18:24'),(44,44,'Blanditiis tempore hic vero deserunt excepturi. Reiciendis enim labore quidem quod quia velit. Qui animi ea ut ut molestias nihil ut. Illum amet ut facilis.','2013-11-20 02:09:10','2020-12-08 10:51:16'),(45,45,'Labore ratione doloribus qui consequatur mollitia. Ut quae consequuntur occaecati quo accusantium libero.','2016-01-17 18:10:49','2020-05-15 19:39:41'),(46,46,'Sit animi ullam harum explicabo vel nobis ut. Et esse inventore velit similique repellat omnis consequatur. Repellat doloribus sed in. Quos ut totam ipsa minima dolores et ut.','2015-02-15 05:34:17','2020-08-10 17:22:21'),(47,47,'Odit quos reprehenderit est aut eaque accusantium. Ut suscipit ad aliquid. Qui error odio ex. Rerum nulla delectus nulla odit repudiandae.','2013-10-27 04:10:21','2020-06-06 20:10:49'),(48,48,'Est eum velit tempora eos. Enim dolore illum magni et sed eligendi. Ut est maxime rerum rem provident rem. Est inventore consequuntur doloribus nobis et.','2019-05-07 23:29:01','2020-07-13 08:08:12'),(49,49,'Hic at deleniti modi et. Perspiciatis quis sed voluptatum. Eum commodi rem id laudantium.','2018-09-14 03:58:29','2020-12-29 18:10:26'),(50,50,'Et id omnis exercitationem voluptatem ab. Et magnam voluptatem est assumenda. Nisi dolores enim ipsam ut et ipsa sit. Et aliquid similique vitae ea. Eius est perspiciatis vitae cupiditate.','2018-03-17 05:30:56','2020-07-15 02:16:10'),(51,51,'Sunt corporis quia totam rem maxime. Aut est sed omnis velit aut odit qui quam. Deleniti sunt quam impedit nulla enim qui fuga. Consequatur delectus architecto quis quibusdam.','2013-09-03 03:31:52','2020-05-03 10:27:58'),(52,52,'In sint consequuntur dolorem omnis quos hic. Autem rem eos atque eligendi. Velit est libero cupiditate laborum aut.','2015-10-31 23:06:28','2020-09-06 10:56:47'),(53,53,'Minus voluptas fugiat quia. Dolor velit voluptatem voluptatem ut ea error omnis.','2019-07-24 22:46:32','2020-09-22 11:43:18'),(54,54,'Saepe dolores ratione quidem vel aliquam. Et quia beatae perferendis a sed. Quo maxime est praesentium ut deleniti odit deserunt.','2019-04-17 23:03:57','2020-09-08 18:07:16'),(55,55,'Sit aut aliquid tenetur aut illo. Consequatur ut ut est a eos architecto. Magni nesciunt laboriosam quo qui. Nihil laudantium minus velit repudiandae neque est quis.','2018-04-06 09:51:41','2021-01-14 04:27:14'),(56,56,'Eveniet rerum dignissimos enim enim debitis ea. Voluptas dolores est ut blanditiis vero. Quasi et mollitia eos.','2011-09-16 22:19:54','2021-02-11 23:02:46'),(57,57,'Laudantium nobis deserunt provident culpa et deserunt magnam. Quam autem est consequatur natus perspiciatis omnis. Placeat est eum amet delectus sed et fugiat harum.','2014-01-06 03:28:36','2021-03-28 12:26:30'),(58,58,'Consequatur dolor magni tenetur error eius harum suscipit. Dolore vitae maxime labore id veritatis.','2012-07-16 11:06:58','2020-08-13 05:56:05'),(59,59,'Ad impedit repellendus veniam ipsum consequatur enim unde. Rem ratione vero et omnis eum ad voluptatum. Porro in velit quos eos consequatur hic.','2015-07-15 18:07:30','2020-06-07 08:42:50'),(60,60,'Eaque sunt tempore omnis earum ea. Cupiditate dolores temporibus eos quod eum qui quia. Eum qui quia earum.','2018-12-24 06:03:49','2021-03-08 13:18:36'),(61,61,'Enim architecto impedit ut omnis dolor ea suscipit. Tempora neque velit inventore aut ipsam nostrum eum. Omnis accusamus aut atque a accusamus aut.','2018-04-15 08:27:18','2021-02-28 16:19:27'),(62,62,'Repellendus est qui voluptatem ipsam. Omnis id similique aliquid quo reprehenderit eum qui. Nemo voluptatem et nam dolores nulla aut quaerat.','2014-05-28 00:19:34','2020-10-18 14:54:13'),(63,63,'Voluptatem debitis laudantium a molestias velit maiores est. Qui id eos maxime deserunt perspiciatis molestiae ut rerum.','2013-10-06 20:52:04','2020-04-24 00:22:36'),(64,64,'Similique et iure voluptates magnam. Et ut ratione nemo esse unde maiores. Et rem dolorem expedita ut a ad labore aliquam.','2012-01-22 10:18:51','2021-02-14 21:26:19'),(65,65,'Omnis nisi aperiam voluptatem laudantium dolores. Consequatur voluptatem alias quis odio reprehenderit.','2011-11-01 21:39:38','2020-11-04 13:55:21'),(66,66,'Qui molestiae dolorem odit quasi. Ducimus reprehenderit hic aut at. Eveniet autem repudiandae sed animi distinctio illo voluptatibus. Nostrum quaerat accusamus libero rem porro.','2012-07-23 08:21:23','2020-04-27 07:48:13'),(67,67,'Dolorem a placeat fugiat id. Labore aut omnis nobis ea qui itaque maiores. Similique sapiente omnis ut laudantium.','2016-03-23 20:39:40','2020-05-14 11:06:14'),(68,68,'Tempora ullam eos delectus dicta voluptas consequatur iste. Sequi recusandae sed porro aut in ut praesentium. Sint recusandae neque assumenda amet voluptas.','2018-02-22 17:30:56','2020-05-06 06:19:38'),(69,69,'Iure iste officia doloribus non. Natus velit ipsum at voluptatem quia quia. Alias ut eum atque ea aliquam.','2012-11-23 03:29:53','2021-03-18 15:57:48'),(70,70,'Nihil dolorem quasi laudantium dolor. A et provident hic at consectetur magni veniam quia. Et sequi ut cum eaque consequuntur sit. Eos explicabo fugit dolorem tempora excepturi consequatur eos.','2014-06-26 16:10:06','2020-05-04 18:20:15'),(71,71,'Quos cumque distinctio magni laudantium. Voluptatem magnam odio dolorem consequatur ducimus sequi. Quaerat voluptate est rerum voluptate quam veniam rem facere.','2019-01-31 12:02:51','2020-08-04 19:19:04'),(72,72,'Consequatur vel nisi velit. Voluptatum atque omnis reprehenderit delectus aut sed dolores. Inventore et ipsa rerum sint aperiam quia quisquam aliquid.','2016-08-01 06:59:18','2020-07-24 13:18:56'),(73,73,'Iste id ut ea cupiditate qui ea impedit. Vero aliquid est incidunt expedita sit molestiae veniam necessitatibus. Hic earum possimus at. Nemo amet necessitatibus rem asperiores enim eaque ipsum.','2017-09-15 15:12:53','2021-03-10 00:16:27'),(74,74,'Ut assumenda enim qui culpa. Pariatur quis doloribus rerum occaecati vitae expedita et.','2013-07-26 03:33:42','2020-07-28 06:00:03'),(75,75,'At officia magni tempora aperiam ab ipsam ex. Debitis ea distinctio explicabo eos voluptas asperiores minus. Accusantium ipsum ex maiores. Quaerat et voluptatum rem totam.','2021-01-21 19:53:04','2020-07-15 17:48:48'),(76,76,'Eos illum debitis quis quisquam et quia. Tempora aut ut reiciendis incidunt. Magni dolor blanditiis autem eum dolorem non assumenda.','2016-12-07 20:03:41','2020-04-26 15:45:11'),(77,77,'Mollitia expedita qui vel modi ut tempore dolorem. Qui ut nostrum voluptas provident animi aut. Amet dicta debitis quibusdam nesciunt vitae cupiditate.','2012-08-10 02:02:24','2020-04-20 07:58:20'),(78,78,'Iusto aut repellendus dolor id. Deserunt excepturi ipsa numquam. Aut voluptas non ut et dolorem.','2016-06-15 00:53:48','2020-07-28 16:49:19'),(79,79,'Ipsa tempora praesentium fugiat est enim officia quod. Animi sapiente dolor fugit. Perspiciatis eaque quod temporibus. Eius non quas quas fugit ut.','2020-01-03 03:02:38','2020-06-21 11:34:01'),(80,80,'Rem saepe molestiae rem facere voluptas cum. Non voluptatem deserunt officia. Debitis magni porro eaque voluptatem distinctio consectetur velit. Voluptate dicta odio dolor sit ea.','2019-11-11 01:45:11','2020-08-22 08:26:11'),(81,81,'Porro molestiae velit cumque assumenda ut. Ut aliquam quisquam possimus fugit aut quibusdam. Rerum eum quasi aut nisi consequatur consequatur non.','2018-11-05 07:55:40','2020-06-25 10:54:37'),(82,82,'Omnis vel eum aut voluptas temporibus. Sequi et et qui ratione dolorem quisquam. Voluptatem velit maxime quia cumque. Hic quia rem modi ut cum non consequatur iusto.','2014-08-10 19:53:29','2020-04-10 20:21:06'),(83,83,'Quibusdam aut consequuntur corrupti debitis sed asperiores qui. Minus soluta repellat ut. Qui deserunt ut id corporis. Soluta modi quis similique voluptas molestiae asperiores.','2013-06-21 01:34:26','2020-04-26 16:42:16'),(84,84,'Dolor quia magni qui doloribus. Nam dolores laudantium omnis voluptatem commodi rerum. Omnis alias qui magni dolor consectetur amet qui. Optio sequi aperiam et facilis magnam quo aut.','2014-01-28 15:42:13','2020-06-12 17:28:35'),(85,85,'Fugit accusamus iusto accusantium molestiae. Maiores iste voluptatem similique natus minima.','2015-01-08 20:36:29','2020-05-19 21:14:59'),(86,86,'Sit officia repellendus et asperiores enim. Cum vitae neque quam.','2015-02-22 01:32:18','2021-02-15 16:29:13'),(87,87,'Commodi quia ut necessitatibus est sint nihil dolor. In explicabo voluptate nihil. Enim aut sit nisi tempore eveniet quos debitis velit.','2016-10-21 15:13:44','2021-02-17 11:00:54'),(88,88,'Et aut sed non voluptas ea. Harum minus sunt atque nam. Beatae deserunt voluptatum ut quam quo laborum.','2015-08-05 12:20:37','2020-06-17 19:40:31'),(89,89,'Soluta occaecati culpa qui animi et consequatur veniam. Sed dignissimos sed tenetur officiis animi. Voluptatem magni est delectus facilis reiciendis asperiores.','2013-10-05 02:22:17','2020-09-05 22:44:47'),(90,90,'Iure laboriosam nihil vitae quis nihil aperiam ipsa. Sunt eligendi rerum reiciendis officia sit. Molestias cumque ut enim rem dolorum harum.','2019-11-18 17:12:14','2020-06-30 00:06:08'),(91,91,'Dolorum sint et est. Laborum facere dolores cum aliquam. Blanditiis et eius error rerum.','2016-08-31 16:47:38','2021-02-16 19:16:41'),(92,92,'Culpa dolorem rerum veniam. Cumque ducimus soluta doloribus magnam ipsum quia officia. Non sit odio non neque modi accusamus ad. Quibusdam sint reprehenderit est aliquam fuga.','2018-02-02 17:29:15','2021-03-20 13:16:35'),(93,93,'Provident illum eaque aspernatur nulla sint velit quod. Totam non ad nulla odit. Distinctio aut minus ab. Laudantium omnis provident in hic eveniet.','2017-09-04 16:06:00','2021-02-25 12:49:47'),(94,94,'Ea minus qui quibusdam sed. Ea iure corporis repellat amet. Laborum ad eos quasi quia ipsam sed sed. Cum rerum nisi qui eos.','2016-09-22 20:11:42','2020-08-15 04:47:37'),(95,95,'Maxime laudantium modi eum iste ea inventore quia nesciunt. Non alias sapiente quia explicabo. Enim voluptas repellat odit vitae dolores. Quia culpa ad et amet est et.','2020-10-01 12:36:35','2021-01-29 04:49:02'),(96,96,'Omnis ab quos magnam ut. Aut est vitae quis et. Consequatur maiores et velit nostrum voluptatem. Tenetur aut explicabo impedit alias molestias et.','2020-02-07 09:16:06','2020-07-22 04:50:49'),(97,97,'Cumque porro deleniti aliquid nesciunt eos soluta. Necessitatibus numquam unde est quia tenetur quidem. Molestiae qui omnis molestiae.','2019-06-06 22:51:29','2020-04-03 06:21:31'),(98,98,'Ad doloribus aspernatur et ut dolorem commodi voluptatum. Aut sed itaque culpa dolore nihil nulla. Magni eum aliquam eum in sed.','2014-08-05 08:42:07','2020-12-21 20:48:42'),(99,99,'Reiciendis vel consectetur vel beatae quos minima rerum. Blanditiis sint deserunt ea aliquam sapiente. Voluptas porro sunt nulla. Non nostrum saepe corporis et dolor perferendis rem.','2016-10-07 04:25:18','2021-03-04 16:30:35'),(100,100,'In autem vitae voluptatibus eos et non dolore. Excepturi veritatis voluptates nisi cum ut labore. Fuga amet dolore corporis nemo.','2013-08-02 17:08:06','2021-01-07 20:13:41');
/*!40000 ALTER TABLE `posts` ENABLE KEYS */;
UNLOCK TABLES;

--
-- Table structure for table `posts_likes`
--

DROP TABLE IF EXISTS `posts_likes`;
/*!40101 SET @saved_cs_client     = @@character_set_client */;
/*!50503 SET character_set_client = utf8mb4 */;
CREATE TABLE `posts_likes` (
  `post_id` bigint unsigned NOT NULL,
  `user_id` bigint unsigned NOT NULL,
  `like_type` tinyint(1) DEFAULT '1',
  PRIMARY KEY (`post_id`,`user_id`),
  KEY `post_idx` (`post_id`),
  KEY `user_idx` (`user_id`),
  CONSTRAINT `posts_likes_fk` FOREIGN KEY (`post_id`) REFERENCES `posts` (`id`),
  CONSTRAINT `users_likes_fk` FOREIGN KEY (`user_id`) REFERENCES `users` (`id`)
) ENGINE=InnoDB DEFAULT CHARSET=utf8mb4 COLLATE=utf8mb4_unicode_ci;
/*!40101 SET character_set_client = @saved_cs_client */;

--
-- Dumping data for table `posts_likes`
--

LOCK TABLES `posts_likes` WRITE;
/*!40000 ALTER TABLE `posts_likes` DISABLE KEYS */;
INSERT INTO `posts_likes` VALUES (1,1,1),(2,2,1),(3,3,1),(4,4,1),(5,5,1),(6,6,1),(7,7,1),(8,8,1),(9,9,1),(10,10,1),(11,11,1),(12,12,1),(13,13,1),(14,14,1),(15,15,1),(16,16,1),(17,17,1),(18,18,1),(19,19,1),(20,20,1),(21,21,1),(22,22,1),(23,23,1),(24,24,1),(25,25,1),(26,26,1),(27,27,1),(28,28,1),(29,29,1),(30,30,1),(31,31,1),(32,32,1),(33,33,1),(34,34,1),(35,35,1),(36,36,1),(37,37,1),(38,38,1),(39,39,1),(40,40,1),(41,41,1),(42,42,1),(43,43,1),(44,44,1),(45,45,1),(46,46,1),(47,47,1),(48,48,1),(49,49,1),(50,50,1),(51,51,1),(52,52,1),(53,53,1),(54,54,1),(55,55,1),(56,56,1),(57,57,1),(58,58,1),(59,59,1),(60,60,1),(61,61,1),(62,62,1),(63,63,1),(64,64,1),(65,65,1),(66,66,1),(67,67,1),(68,68,1),(69,69,1),(70,70,1),(71,71,1),(72,72,1),(73,73,1),(74,74,1),(75,75,1),(76,76,1),(77,77,1),(78,78,1),(79,79,1),(80,80,1),(81,81,1),(82,82,1),(83,83,1),(84,84,1),(85,85,1),(86,86,1),(87,87,1),(88,88,1),(89,89,1),(90,90,1),(91,91,1),(92,92,1),(93,93,1),(94,94,1),(95,95,1),(96,96,1),(97,97,1),(98,98,1),(99,99,1),(100,100,1);
/*!40000 ALTER TABLE `posts_likes` ENABLE KEYS */;
UNLOCK TABLES;

--
-- Table structure for table `profiles`
--

DROP TABLE IF EXISTS `profiles`;
/*!40101 SET @saved_cs_client     = @@character_set_client */;
/*!50503 SET character_set_client = utf8mb4 */;
CREATE TABLE `profiles` (
  `user_id` bigint unsigned NOT NULL,
  `gender` enum('f','m','x') CHARACTER SET utf8mb4 COLLATE utf8mb4_unicode_ci NOT NULL,
  `birthday` date NOT NULL,
  `photo_id` bigint unsigned DEFAULT NULL,
  `user_status` varchar(30) CHARACTER SET utf8mb4 COLLATE utf8mb4_unicode_ci DEFAULT NULL,
  `city` varchar(130) CHARACTER SET utf8mb4 COLLATE utf8mb4_unicode_ci DEFAULT NULL,
  `country` varchar(130) CHARACTER SET utf8mb4 COLLATE utf8mb4_unicode_ci DEFAULT NULL,
  PRIMARY KEY (`user_id`),
  UNIQUE KEY `photo_id` (`photo_id`),
  CONSTRAINT `fk_profiles_media` FOREIGN KEY (`photo_id`) REFERENCES `media` (`id`),
  CONSTRAINT `fk_profiles_users` FOREIGN KEY (`user_id`) REFERENCES `users` (`id`)
) ENGINE=InnoDB DEFAULT CHARSET=utf8mb4 COLLATE=utf8mb4_unicode_ci;
/*!40101 SET character_set_client = @saved_cs_client */;

--
-- Dumping data for table `profiles`
--

LOCK TABLES `profiles` WRITE;
/*!40000 ALTER TABLE `profiles` DISABLE KEYS */;
INSERT INTO `profiles` VALUES (1,'m','2008-02-10',1,'Est ut inventore blanditiis eu','Rigobertobury','Zambia'),(2,'m','1997-07-18',2,'Omnis enim modi quis molestias','East Lea','Myanmar'),(3,'m','2007-09-10',3,'Aut repellendus sed aperiam qu','North Annalise','Greece'),(4,'f','1988-04-17',4,'Voluptas culpa consequatur cum','Weberchester','Andorra'),(5,'m','1974-01-18',5,'Pariatur quam pariatur consequ','East Evan','Luxembourg'),(6,'f','2019-07-03',6,'Ipsum ipsa veniam placeat cum ','Karolannfurt','Grenada'),(7,'f','1979-02-05',7,'Et ullam doloremque illo aut r','Spinkabury','Bahrain'),(8,'m','1977-10-11',8,'Consequatur itaque quis possim','Port Eleanorahaven','Kazakhstan'),(9,'f','1990-03-01',9,'Exercitationem deserunt ut odi','East Alecport','Gibraltar'),(10,'m','1983-07-26',10,'Sint accusantium nobis velit. ','East Donald','American Samoa'),(11,'f','2003-11-27',11,'Fugit incidunt incidunt a ulla','Faheyport','Lesotho'),(12,'f','1983-07-18',12,'Sit qui dolor quisquam dolor a','New Arnemouth','French Southern Territories'),(13,'m','1998-12-15',13,'Voluptatum vitae ex est deseru','Loweton','Singapore'),(14,'m','2008-09-28',14,'Aspernatur et error accusamus ','Kunzehaven','Pakistan'),(15,'f','1999-02-19',15,'Ipsam molestias nostrum omnis ','Port Beverlyborough','Israel'),(16,'m','2012-08-03',16,'Reprehenderit nihil molestias ','North Allison','Syrian Arab Republic'),(17,'m','2005-10-02',17,'Asperiores numquam vero evenie','West Jarrett','Mongolia'),(18,'f','1975-04-17',18,'Et modi minima molestiae qui. ','Westonhaven','Saint Lucia'),(19,'f','2018-08-06',19,'Esse quia exercitationem occae','Kerlukestad','Norfolk Island'),(20,'f','1982-05-05',20,'Quibusdam aliquid esse quia no','Jeffreyberg','Turkmenistan'),(21,'m','2017-11-08',21,'Quia nulla voluptas blanditiis','Lupeburgh','Uzbekistan'),(22,'m','1979-08-06',22,'Ea cupiditate voluptatum verit','Jaskolskitown','Ethiopia'),(23,'m','1973-07-31',23,'Non adipisci consectetur esse ','Kleinland','Sierra Leone'),(24,'f','1999-05-29',24,'Iure sint dolorem vel aliquam ','Gerdaborough','Vietnam'),(25,'f','1997-09-03',25,'Autem dicta illum veritatis su','Port Sarinamouth','Bermuda'),(26,'f','1998-02-05',26,'Qui accusamus saepe suscipit a','North Julienmouth','Malta'),(27,'m','2008-09-09',27,'Tenetur sunt nisi non quidem v','Gerhardshire','Azerbaijan'),(28,'f','1984-12-15',28,'Eos dolorem est inventore volu','Aylamouth','Peru'),(29,'m','2013-04-13',29,'Maxime expedita vero iusto lab','South Cecil','French Southern Territories'),(30,'f','1971-08-10',30,'Iusto excepturi ab fugiat dolo','Rubyfort','Sao Tome and Principe'),(31,'m','1986-03-28',31,'Qui quia expedita natus offici','Mullerfurt','Guernsey'),(32,'f','1999-01-03',32,'Aut et assumenda adipisci volu','East Curt','Armenia'),(33,'f','2003-06-24',33,'Aut maiores et et atque. Assum','Morarland','Canada'),(34,'f','1996-12-22',34,'Nihil dolor at pariatur nihil.','New Aydenside','New Zealand'),(35,'m','1984-02-13',35,'Repellendus qui eveniet conseq','New Jettiebury','Somalia'),(36,'m','1998-09-13',36,'Commodi asperiores hic quod mo','Kertzmannborough','Libyan Arab Jamahiriya'),(37,'m','1991-06-15',37,'Enim ea et voluptas beatae dol','West Adrienfort','Mozambique'),(38,'f','1972-10-30',38,'Ipsum pariatur omnis repudiand','Doraside','Norway'),(39,'f','1976-07-07',39,'Ea et dolor adipisci laudantiu','Tinafort','Yemen'),(40,'f','1993-01-11',40,'Assumenda accusantium sunt con','West Neal','British Virgin Islands'),(41,'f','2005-10-15',41,'Laborum distinctio et necessit','Binsland','Korea'),(42,'f','1983-12-28',42,'Harum ex et nisi aperiam nam q','North Tristin','United States of America'),(43,'m','1989-02-17',43,'Omnis ut ea officiis deserunt ','Lambertborough','Portugal'),(44,'f','2003-07-25',44,'Et autem velit officia tenetur','Paucekport','Niue'),(45,'f','2013-06-12',45,'Qui eum et cupiditate. Saepe q','North Verna','New Caledonia'),(46,'m','1986-02-28',46,'Autem et facere quod ullam fac','Willachester','Dominican Republic'),(47,'f','2016-05-12',47,'Iure explicabo eum odit. Provi','South Remington','Monaco'),(48,'f','1998-05-01',48,'Nulla maiores laudantium illum','Lake Kavonton','Madagascar'),(49,'m','1981-08-30',49,'Dolore enim unde molestiae vol','West Magdalen','Croatia'),(50,'m','1990-02-10',50,'Et aspernatur perspiciatis vol','Kailynhaven','Namibia'),(51,'m','1992-12-27',51,'Iste et adipisci quis. Qui vol','Lake Carolyne','Niger'),(52,'f','2005-10-13',52,'Dolore eligendi blanditiis qua','Morarborough','Maldives'),(53,'f','1977-07-29',53,'Recusandae praesentium dolorem','Lake Scotland','Montserrat'),(54,'f','2000-09-10',54,'Corporis esse aut dolorem quos','Tellyville','Armenia'),(55,'f','2005-06-24',55,'Est eos quos iusto eveniet fug','Jonatanhaven','Barbados'),(56,'f','1993-08-09',56,'Maiores repellendus quia bland','Port Dante','Saint Helena'),(57,'f','2009-07-25',57,'Amet non sapiente voluptatem c','New Estellachester','Ireland'),(58,'m','1985-05-31',58,'Aut corporis ducimus sunt nesc','Prudencemouth','Kuwait'),(59,'m','1971-04-29',59,'Facilis molestiae voluptatem v','Port Jamel','Ukraine'),(60,'f','1989-08-10',60,'Veniam perspiciatis quis dolor','South Howellmouth','Zambia'),(61,'m','1974-12-10',61,'Nesciunt consequatur fugit asp','South Presley','Niue'),(62,'m','1978-05-06',62,'Accusamus eos velit quibusdam ','East Daniela','Antarctica (the territory South of 60 deg S)'),(63,'m','1986-12-20',63,'Id facilis eum qui alias at. D','Dachborough','Bouvet Island (Bouvetoya)'),(64,'m','2005-04-25',64,'Velit impedit placeat dolores.','Verdastad','South Africa'),(65,'m','2021-02-04',65,'Sed incidunt molestiae est et ','South Addison','Saint Barthelemy'),(66,'m','1982-09-05',66,'Sapiente quam laudantium archi','Port Corneliusborough','Tajikistan'),(67,'m','1977-07-29',67,'Iusto fugit aut qui ea rerum. ','Schultzmouth','Moldova'),(68,'f','1974-12-31',68,'Autem iste qui quia quas et. S','North Amanda','Nauru'),(69,'f','1974-08-21',69,'Inventore soluta in est. Quia ','West Darenburgh','Syrian Arab Republic'),(70,'m','2011-03-05',70,'Consequuntur est sit est volup','East Evangelineview','Nigeria'),(71,'m','2018-04-04',71,'Quae hic sed corporis at volup','East Vedamouth','Bangladesh'),(72,'f','1985-07-05',72,'At porro eius qui consequuntur','Dachport','Jersey'),(73,'m','1981-11-02',73,'Quasi quo dolores cumque facil','Ondrickashire','Brunei Darussalam'),(74,'f','2001-01-26',74,'Nostrum qui fugit quas ut cons','Jadenhaven','Antarctica (the territory South of 60 deg S)'),(75,'f','2016-04-27',75,'Quis quas sit reiciendis et be','South Isai','Netherlands Antilles'),(76,'m','2008-11-11',76,'Animi alias culpa voluptatem. ','South Ethan','Tonga'),(77,'m','1997-06-19',77,'Rerum nihil quia et quidem sim','Lake Gailfort','Jordan'),(78,'f','2007-06-20',78,'Qui fugit eius exercitationem ','Kuvalisburgh','Kyrgyz Republic'),(79,'m','2016-05-24',79,'Et ut sint veniam doloremque v','South Gayleton','Solomon Islands'),(80,'m','2006-07-09',80,'Sit odio et rem in nostrum com','O\'Connermouth','United Arab Emirates'),(81,'m','1988-09-12',81,'Qui soluta voluptatem consequa','Narcisohaven','Anguilla'),(82,'f','2019-06-26',82,'Praesentium ea et nesciunt et ','Joanaville','Denmark'),(83,'m','1973-12-07',83,'Voluptas sit autem dolor. Rati','Pagacborough','Netherlands'),(84,'f','1995-04-06',84,'Vel rerum veritatis et volupta','Sallychester','Ethiopia'),(85,'m','1994-02-28',85,'Nisi quos molestiae asperiores','Collinsshire','Mauritania'),(86,'m','2013-02-04',86,'Eius et unde molestias harum e','New Libby','Samoa'),(87,'f','1974-05-03',87,'Possimus et illum aut aperiam ','Buckridgebury','Liechtenstein'),(88,'m','1988-11-02',88,'Voluptate voluptatum ab quis t','South Frederique','Paraguay'),(89,'f','2021-03-09',89,'Exercitationem consequatur aut','Samanthaville','Saint Barthelemy'),(90,'f','2011-02-01',90,'Perspiciatis animi sunt in et.','Shanahanview','Barbados'),(91,'m','2010-06-09',91,'Magni laborum debitis ratione ','Gerardobury','Sweden'),(92,'f','1981-08-12',92,'Maiores placeat impedit volupt','West Jake','Qatar'),(93,'m','1984-03-26',93,'Id nemo et reiciendis error vo','Jenniferchester','Liberia'),(94,'f','1992-06-12',94,'Eaque asperiores et ea aliquid','Kamrenstad','Andorra'),(95,'m','1973-12-03',95,'Dicta est accusantium voluptat','Chazfurt','Cuba'),(96,'m','2003-01-27',96,'Et animi eum sint asperiores n','New Greenburgh','Benin'),(97,'f','1992-12-26',97,'Ea ratione quibusdam numquam p','Schmidtview','Congo'),(98,'m','1985-07-27',98,'Voluptatem ullam architecto pr','Zulaufchester','Bolivia'),(99,'f','2020-09-17',99,'Occaecati quam perspiciatis id','South Berttown','Croatia'),(100,'m','1984-07-10',100,'Dolores cupiditate ab quia arc','Handshire','Monaco');
/*!40000 ALTER TABLE `profiles` ENABLE KEYS */;
UNLOCK TABLES;

--
-- Table structure for table `users`
--

DROP TABLE IF EXISTS `users`;
/*!40101 SET @saved_cs_client     = @@character_set_client */;
/*!50503 SET character_set_client = utf8mb4 */;
CREATE TABLE `users` (
  `id` bigint unsigned NOT NULL AUTO_INCREMENT,
  `first_name` varchar(145) CHARACTER SET utf8mb4 COLLATE utf8mb4_unicode_ci NOT NULL,
  `last_name` varchar(145) CHARACTER SET utf8mb4 COLLATE utf8mb4_unicode_ci NOT NULL,
  `email` varchar(145) CHARACTER SET utf8mb4 COLLATE utf8mb4_unicode_ci NOT NULL,
  `phone` char(11) CHARACTER SET utf8mb4 COLLATE utf8mb4_unicode_ci NOT NULL,
  `password_hash` char(65) CHARACTER SET utf8mb4 COLLATE utf8mb4_unicode_ci DEFAULT NULL,
  `created_at` datetime NOT NULL DEFAULT CURRENT_TIMESTAMP,
  PRIMARY KEY (`id`),
  UNIQUE KEY `email_idx` (`email`),
  UNIQUE KEY `phone_idx` (`phone`)
) ENGINE=InnoDB AUTO_INCREMENT=101 DEFAULT CHARSET=utf8mb4 COLLATE=utf8mb4_unicode_ci;
/*!40101 SET character_set_client = @saved_cs_client */;

--
-- Dumping data for table `users`
--

LOCK TABLES `users` WRITE;
/*!40000 ALTER TABLE `users` DISABLE KEYS */;
INSERT INTO `users` VALUES (1,'Chad','Windler','collins.jared@example.com','948-073-768','a896870fe89fe585405bd1d00111a8844b8e7aa1','2021-02-08 14:39:45'),(2,'Fiona','Corkery','murazik.eriberto@example.org','1-984-320-3','b431729fea84dff150d0b615ad1ca9ff49e125ea','2020-04-20 05:47:10'),(3,'Winifred','Berge','wilhelmine24@example.net','920-602-271','487780c28484aff1ee7cc251a3d14f76eb4a851d','2020-12-21 21:30:16'),(4,'Camryn','Dooley','curtis46@example.com','871-393-943','a3e4863b85cd64dca9e2c0c0ace6cf28e8487cf1','2020-08-18 01:19:40'),(5,'Shannon','Hansen','zachary24@example.org','+96(0)61606','ec298bbdb6b3ca0a9ac5ae1204caf448206e4efa','2021-03-05 01:01:36'),(6,'Albertha','Ullrich','gibson.cielo@example.org','(360)509-51','cb0399031d59a61f10959e18cc7c201d6e6e17f4','2020-08-31 03:11:23'),(7,'Samara','Ritchie','hayden53@example.org','03982860123','2535bc42d19aef72c507dd68031ab520c71377e6','2020-06-14 04:29:43'),(8,'Marianne','Hilpert','gdurgan@example.com','1-959-482-8','a6baaa74901806c10caa987507d9881642de4d4e','2021-02-20 01:28:52'),(9,'Kieran','Satterfield','ole.runte@example.org','1-698-669-4','6f03a18a472c41cef3ebfccfedda8457988636b8','2021-03-03 06:32:44'),(10,'Constance','Reichert','aaron40@example.net','1-419-035-1','e9643781f17e46d179011645c221187bd5546408','2020-08-21 19:12:36'),(11,'Saul','Mosciski','ewilliamson@example.net','1-940-516-9','c16a45dea21395a140db50cd0eba65a4b94708ee','2020-08-11 08:37:09'),(12,'Issac','Feil','henderson.schmitt@example.org','(283)204-18','05c36448b9968b266989e5b40101edf28f564bc3','2020-06-23 09:31:24'),(13,'Halie','Gibson','christine79@example.com','468-587-770','b1bec3a056a6347632ab3034164de34b4cde9515','2020-04-26 09:57:35'),(14,'Jaron','Larson','jolie.zulauf@example.org','747-784-344','4217bff70dba7e95dd5145df338e4f9f80ddf7cc','2020-05-17 07:55:37'),(15,'Yazmin','Simonis','johnson.ransom@example.net','+46(5)37318','7b0e96c9926d71b51a1061c7657a617ce7459cf8','2020-06-23 11:18:49'),(16,'Cheyenne','Boyle','evonrueden@example.com','1-446-035-0','0339da258fcf76ec952ef658238f75e39071fd54','2020-12-04 01:18:08'),(17,'Arne','Adams','langosh.waldo@example.org','1-444-474-8','f07b3eece86b79e9cc4e9fdbc31c8c38d94953f7','2020-10-15 07:27:19'),(18,'Carmella','Schulist','eosinski@example.org','(727)528-16','f4646c4bcddf0ed18cfff57c8a97a0bcea493b40','2020-06-07 10:54:17'),(19,'Jevon','Christiansen','trycia06@example.net','167.860.548','019688b0d2553c6a98c05925d01aba10be7a646c','2020-07-25 15:31:36'),(20,'Genoveva','Auer','shakira.treutel@example.com','902.943.969','a6a12d9369272a1a3022667ad16711d9f8fcc7db','2020-12-04 04:16:12'),(21,'Jolie','Tromp','mellie.lind@example.org','05031840359','caea704281de47d3eee5edbccba85cfc5dfa04f2','2020-07-22 05:28:42'),(22,'Kylee','Towne','fmiller@example.com','(138)735-84','78aba6986cdf213efb7ca9cc52b0091d18ffbf91','2020-06-28 14:56:24'),(23,'Maddison','Stoltenberg','cruickshank.jacquelyn@example.com','878-718-326','0f2b7d45df28b67dda86b863cfd98d946df0661e','2020-10-04 13:26:11'),(24,'Anna','Rau','zlakin@example.org','1-078-909-6','87e7c8a8d8e407105782134abf3b219111793d9b','2020-05-03 01:16:41'),(25,'Aiyana','Wyman','zena.kunde@example.net','014.565.676','37292cf96d8576e1c533b57c9a8e35357f00bfc7','2020-12-14 14:21:08'),(26,'Carson','Ebert','herta.lueilwitz@example.com','(868)826-73','e8fca059010cd1511521ce3212e84b8e1f22133a','2020-10-28 11:34:41'),(27,'Lloyd','Runolfsdottir','durgan.ella@example.com','1-425-909-2','83c163fb07e85ec3f000e8c11a3003a5e32dbf21','2020-05-28 19:13:39'),(28,'Athena','Dietrich','upton.dorris@example.com','+82(3)03892','8ad7266475938e4cef4de064d2f94bb9c08a177a','2020-12-31 13:40:06'),(29,'Oswaldo','Bernier','johns.pearl@example.com','(701)186-27','621c5428cab413d61a8d45dd93c247513ac4aa4e','2021-01-20 01:05:59'),(30,'Jamaal','Larkin','yhahn@example.com','+07(0)82779','bb16080f649e9f89fa7a38c977524f48e8788c70','2020-12-24 05:23:04'),(31,'Aubrey','Greenfelder','arturo.haag@example.org','1-910-395-4','cc13943a6c19adff9bc8c1066455fe4393c911ee','2021-03-09 07:05:18'),(32,'Karen','Kassulke','jwelch@example.com','510.789.581','6f2bd2ec19ad9b28c803082113640ec256b14976','2021-02-04 05:44:06'),(33,'Joelle','Metz','rosemary.lowe@example.net','(715)232-47','c13dfb5dec9a7e991a3cc336e2ba1db6bfbbc07d','2020-12-19 23:12:03'),(34,'Augustine','Schmitt','zschultz@example.org','(545)802-69','b894c15394cc1ff3a19dc3ac0552508f3ee16f4d','2021-02-25 02:48:14'),(35,'Silas','Crona','weimann.maggie@example.org','824.683.551','5b56c8388785f3b3c48565cc2e3f4d37532434d6','2020-11-20 01:49:09'),(36,'Michel','Williamson','pacocha.javon@example.com','239.996.683','06cbeecbede45ed6b8005c5a5ed1ef9467f39d61','2020-07-26 07:00:47'),(37,'Alexandra','Kuvalis','tabitha.kuhic@example.net','663.117.828','e2c34a900f5c9ae05cfeaa2f7db7d21943a18385','2021-02-02 18:10:20'),(38,'Isabelle','Pagac','renner.benedict@example.com','110.356.596','568d6dfff234395bbfe036120c547172bc404e6c','2020-04-06 08:36:47'),(39,'Alysha','Thiel','avery44@example.com','460-083-042','e2647f12e7ff665844a915e59f023bbcc2d7fcbe','2021-03-01 06:29:12'),(40,'Reanna','Considine','hipolito.wehner@example.net','03122194083','528692b2e31643a58401a7560b8910536c354d86','2020-04-07 03:23:08'),(41,'America','Satterfield','maggio.jeanie@example.org','(390)484-56','3210a55ebd7facad4f9828d065183c68c37b98d0','2021-02-01 16:36:57'),(42,'May','McCullough','kub.orville@example.net','073-808-778','d9feb4f2f3840bb749f303f76c71e276bd51954f','2021-01-02 18:09:28'),(43,'Emelie','Cruickshank','zelma93@example.net','054-033-774','90ac4c30643068b99c0f219ca900c2f4d09ce5a9','2020-09-11 23:55:31'),(44,'Maude','Kling','jayne.johnston@example.org','+03(5)26089','617c04f1be196cd336a7761dccfa74e6d37ea9a5','2020-09-14 05:28:56'),(45,'Raphaelle','Lehner','bjacobson@example.org','09100491917','ed5a08d2912735eb1224532b23fef17a56563f3d','2020-09-29 09:26:55'),(46,'Jayde','Boyer','agustina.oberbrunner@example.com','1-390-362-2','517bade763b879c9229ecef6b0d5e802c62373ab','2021-03-14 05:36:12'),(47,'Chance','Lakin','dalton34@example.net','1-698-779-9','7e000dc21b003d7ac01e7f37dbfc98397b4e328a','2020-07-02 19:58:05'),(48,'Enrico','Jakubowski','jerde.omari@example.net','389.067.048','e45c186d880ddf2b13ca01365ec115bbe1eafdb7','2021-02-23 12:45:19'),(49,'Adele','Schimmel','qwindler@example.com','(419)041-78','1aabcb6cb30c1e1694050879fc1d44117065da3f','2020-04-22 15:04:37'),(50,'Jasmin','Dare','deanna.wuckert@example.org','(315)797-68','d5dd4b60265ce2e5fe1f47e005fbbf735ce84ae5','2021-01-08 18:25:47'),(51,'Arnoldo','Kuhic','doyle.flossie@example.net','1-672-891-7','9b42bcdab17af9b64908f8ce88661b69e3bb59e8','2021-01-04 22:13:16'),(52,'Dixie','Halvorson','sally.hamill@example.com','(012)127-85','38041735817bd37269db242cb26409bedcb2b2ce','2020-05-05 06:54:27'),(53,'Keaton','Gorczany','kshlerin.jon@example.org','246.982.919','a8eec74dd9708ccf4c9f0b7867ada0f32b185700','2020-07-13 08:35:10'),(54,'Nedra','Armstrong','ldach@example.org','1-520-347-8','d5fec6354c7dc9467c197885f647b45aa400c568','2020-07-27 19:38:29'),(55,'Jody','Rosenbaum','konopelski.kellie@example.org','915.647.163','6b51d938c1ebcac77a6dad6bdce8316b9f887e1d','2021-02-02 07:37:36'),(56,'Celine','Wunsch','hertha40@example.com','650.519.641','289bb775f810c4494afcfd62da682b15f358d362','2020-08-25 21:21:18'),(57,'Jonathon','Simonis','keshawn20@example.org','1-995-662-1','6d8b30f5878f674d717e520641407367cd643458','2021-03-25 02:49:58'),(58,'Nettie','Goldner','xcrona@example.com','(065)880-34','1c39de5c7396d772fac3a7f4f7716d62a70f23bb','2020-09-01 15:57:20'),(59,'Tara','Hane','tschowalter@example.net','1-268-990-0','ffd807af2cbe9fa8e0b61750fe0d3f801d63f611','2020-08-17 05:43:15'),(60,'Richie','Johnson','clind@example.org','05180709195','7de5d08c2fdf416a269dab1f7e6ce163897c9e36','2020-07-13 23:55:16'),(61,'Griffin','Pfannerstill','vrussel@example.com','1-638-539-5','ab97fb8f6b2b0b9bf65a3cbadabf80c950699b7f','2021-01-15 08:25:53'),(62,'Joanny','Reichert','shane@example.com','(277)169-66','2ee1b80e66c4116caf3b683f6c9df7d4d2948430','2020-11-18 05:59:12'),(63,'Pinkie','Runolfsdottir','carissa36@example.net','(174)787-65','4739097e9e402644442dfb20b856067cc6df709e','2020-05-27 03:13:57'),(64,'Aditya','Schimmel','lavon.jacobi@example.org','241.766.925','88afb83404a4c427d0cd94e98b164462a3171826','2021-03-27 10:22:55'),(65,'Braeden','Schiller','o\'connell.lorenza@example.com','461.997.647','5cfa5d108c34e63f0d63f6e6c060010e8f054841','2020-12-04 09:35:31'),(66,'Arnoldo','Nikolaus','edwin13@example.net','203.125.925','e742860f6694949f76e3ba8a0f34f19052b75847','2020-06-30 10:30:47'),(67,'Earl','Bergstrom','ohermann@example.net','391-724-893','da07cd07b4b6f982de3b32502a4064517014a7fe','2020-09-24 10:59:26'),(68,'Emilia','Skiles','rfay@example.com','1-722-030-9','5c7bb1354e07c690b4f75e07ed41d3a4903ab56a','2021-03-05 09:56:22'),(69,'Cordelia','Haley','marion.lemke@example.com','1-915-151-3','794e196c930e01edaaffd2f616ea556fb5d6e245','2020-12-13 21:33:37'),(70,'Ismael','Lehner','ileannon@example.net','+60(5)91507','638fc34ca6d7ccad106b52f9f51e23a73f244bf9','2020-08-08 00:16:32'),(71,'Frida','Rempel','kelsie.hirthe@example.com','07487064372','2a41ccb585729f81181c0f605c0485b59494f534','2021-03-22 02:55:11'),(72,'Bianka','Murray','quigley.whitney@example.org','+46(8)79110','1c23fcd0e01d41becdbaf7589777971588c34e1a','2020-07-20 05:47:14'),(73,'Charity','Mante','edwin.beier@example.org','968-691-765','37ac23698b9a1ef816450d7f9d15aaca6060129d','2021-02-25 08:14:44'),(74,'Lue','Watsica','xhoppe@example.com','+61(7)07837','e8eb3dc44b1ea329e6c34747f0f38d9e5fcb5516','2020-04-27 07:28:16'),(75,'Corrine','Upton','njacobi@example.com','1-086-036-1','0315792bd84209c4dec1073d5d1f60dde0f441ef','2021-03-28 12:26:00'),(76,'Jeffry','Kling','ccollier@example.org','+36(9)28770','beab081c8aeb9005be66005e4cb9d0d1b6a5c551','2020-04-09 06:48:10'),(77,'Reilly','Cruickshank','shaun83@example.net','1-223-363-7','131b66d3bf7f97ba1ae9ec15758d5ba86d67dc33','2021-02-03 19:49:08'),(78,'Daphney','McLaughlin','andre.goldner@example.net','(083)523-37','fb7bb288e1e91ce370f7218cf38f60b9b0c1bd25','2020-07-04 00:51:56'),(79,'Kevin','Davis','sincere.rippin@example.com','671-166-738','f5ee796ec31ba1bd6db1e0df9afb59d84625bcde','2020-04-11 19:24:22'),(80,'Freeda','O\'Conner','igraham@example.net','1-802-413-9','9dfc9b42ab697caefadf79690b78ae36127c4e4c','2020-08-29 07:34:46'),(81,'Casey','Mayer','opredovic@example.net','(217)881-12','284855dcc5a60e3e186d2f72f20b0c8b3a1f3d8c','2020-06-14 08:51:17'),(82,'Kianna','Smith','ho\'kon@example.net','00264337870','e96262422040e73765faacb4101d750bd092a514','2020-06-05 02:51:35'),(83,'Claudine','Effertz','noemy.lubowitz@example.com','1-269-402-3','3b82a8c63fafba7e1d6f60e24e9ced448015f448','2020-05-19 22:45:25'),(84,'Freeman','Lang','dina29@example.com','+75(0)16745','d3506b4009516e2a85815ed8a1e2491cd5b284fc','2020-08-03 07:06:59'),(85,'Earnestine','Fadel','jarvis19@example.com','05332916788','c2d39aae73e411d0470100f2948ac7e3275d261f','2021-01-15 03:45:07'),(86,'Wilson','Balistreri','betsy.rice@example.org','1-516-662-7','5bd7e490473035906fab9841ac0c42407ba554c4','2020-11-11 17:46:27'),(87,'Bo','Herzog','sylvan56@example.com','731-152-629','a197fc56c3180829d3fba44fc5e449bf4e0b1dd9','2020-07-13 06:37:14'),(88,'Leonel','Durgan','meagan12@example.net','586-004-481','e631f17d8e63779cb9b6a4c6c5c32853ad3e5d55','2020-07-13 16:07:26'),(89,'Etha','Fay','amanda.langworth@example.com','1-495-122-9','b2644ab117cb6feac16e685742cd20435b3c171a','2020-08-09 18:37:37'),(90,'Eliseo','Ebert','ywisoky@example.net','(194)276-09','36cd5d480c01396cd157b86c8a3978a08dd11c81','2020-09-18 00:50:40'),(91,'Delpha','Wiza','orland20@example.org','809.625.182','0932ab6eb1d68acc106075619b3fd5a85fe13184','2020-12-24 18:30:22'),(92,'Shanny','Hettinger','julia49@example.org','961.746.628','1f6a5a00561599b0ddee6bc9a5604349678d1751','2021-01-24 19:05:45'),(93,'Orpha','Dare','irma.dicki@example.com','1-898-193-6','525b269f8e215e0a248889c50ffdb49def2d4939','2020-07-25 08:38:52'),(94,'Maribel','Ankunding','tremaine24@example.net','(514)022-68','f598c8a5455c35ccc34eaa6f96859669b577850b','2020-10-29 23:15:50'),(95,'Maynard','Crooks','vwelch@example.com','(155)227-48','fa2bd9a5c30443887ee728a884d8f07c922a0276','2021-03-16 04:24:40'),(96,'Katelynn','Ebert','jairo.bednar@example.com','543-213-761','85fa22984ddba5a5c41f7be1673f91d5c94de24d','2020-11-22 16:06:59'),(97,'Alessia','Abshire','zulauf.marquis@example.com','1-473-431-1','29be87daeb483fa28ad7dd5d59e101cd685bb0d9','2020-11-24 13:15:59'),(98,'Nickolas','Robel','xmann@example.net','(360)981-46','642545b6ad0192ca6e784bd7e3440d3302b16d44','2021-02-20 01:49:27'),(99,'Neha','Luettgen','dooley.vidal@example.net','981-353-607','86ffdc65a0e729e65c81242ec592f4e21f70ef78','2020-08-22 02:15:39'),(100,'Keanu','Bernhard','ekutch@example.com','1-058-170-8','817c449f190f078f0e225f1218b3cadf0f31ef7e','2020-06-11 16:55:30');
/*!40000 ALTER TABLE `users` ENABLE KEYS */;
UNLOCK TABLES;
/*!40103 SET TIME_ZONE=@OLD_TIME_ZONE */;

/*!40101 SET SQL_MODE=@OLD_SQL_MODE */;
/*!40014 SET FOREIGN_KEY_CHECKS=@OLD_FOREIGN_KEY_CHECKS */;
/*!40014 SET UNIQUE_CHECKS=@OLD_UNIQUE_CHECKS */;
/*!40101 SET CHARACTER_SET_CLIENT=@OLD_CHARACTER_SET_CLIENT */;
/*!40101 SET CHARACTER_SET_RESULTS=@OLD_CHARACTER_SET_RESULTS */;
/*!40101 SET COLLATION_CONNECTION=@OLD_COLLATION_CONNECTION */;
/*!40111 SET SQL_NOTES=@OLD_SQL_NOTES */;

-- Dump completed on 2021-04-02 23:08:25
